{"sections":{"image_banner":{"type":"image-banner","blocks":{"heading":{"type":"heading","settings":{"heading":"The <strong>#1 place<\/strong> to learn about business, finance and investing.","heading_size":"h1"}},"button":{"type":"buttons","settings":{"button_label_1":"Shop all","button_link_1":"shopify:\/\/collections\/all","button_style_secondary_1":true,"button_label_2":"","button_link_2":"","button_style_secondary_2":false}}},"block_order":["heading","button"],"settings":{"image":"shopify:\/\/shop_images\/stock-market-tracking-and-stocks.jpg","image_overlay_opacity":90,"image_height":"small","desktop_content_position":"bottom-center","show_text_box":false,"desktop_content_alignment":"center","color_scheme":"inverse","image_behavior":"none","mobile_content_alignment":"center","stack_images_on_mobile":false,"show_text_below":false}},"multicolumn_4hAkia":{"type":"multicolumn","blocks":{"column_EBaHY7":{"type":"column","settings":{"image":"shopify:\/\/shop_images\/1.webp","title":"Honey","text":"<p>Save money when shopping online!<\/p>","link_label":"Try Honey","link":"https:\/\/www.joinhoney.com\/ref\/ra72x23"}},"column_rxzdr3":{"type":"column","settings":{"image":"shopify:\/\/shop_images\/2.webp","title":"Rakuten","text":"<p>Save $1000's when shopping online with this tool!<\/p>","link_label":"Try Rakuten","link":""}},"column_bgTMCY":{"type":"column","settings":{"image":"shopify:\/\/shop_images\/3.webp","title":"Shopify","text":"<p>Build your online website with Shopify!<\/p>","link_label":"Try Shopify","link":"https:\/\/www.shopify.com\/free-trial?irclickid=zZjTG3VNUxyIRY6XoW24CWWOUkC3%3AkSpQ19Y2c0&irgwc=1&partner=2431314&affpt=excluded&utm_channel=affiliates&utm_source=2431314-impact&utm_medium=cpa"}},"column_QYRQhT":{"type":"column","settings":{"image":"shopify:\/\/shop_images\/4.webp","title":"Affiliate Marketing Course","text":"<p>Learn how to start an affiliate marketing business.<\/p>","link_label":"Join the Course","link":"https:\/\/financesimple.co\/products\/affiliate"}},"column_8AhbCL":{"type":"column","settings":{"image":"shopify:\/\/shop_images\/5.webp","title":"Free Stock with eToro","text":"<p>Invest in the stock market!<\/p>","link_label":"Join eToro","link":"https:\/\/etoro-usa.sjv.io\/y23vMy"}},"column_FyBx8h":{"type":"column","settings":{"image":"shopify:\/\/shop_images\/6.webp","title":"Improve your finances with Borrowell","text":"<p>Track your spending, credit score and get financial product recommendations.<\/p>","link_label":"Try Borrowell","link":"https:\/\/borrowell.com\/free-credit-score?irclickid=1d62WvyhsxyKThFXPgXyHUwPUkC3%3Ah15Q19Y2c0&utm_source=Impact%20Radius&utm_medium=referral&utm_term=Sara%20Finance&irgwc=1&partner=Sara%20Finance&utm_campaign=impactradius_2021_fcs"}}},"block_order":["column_EBaHY7","column_rxzdr3","column_bgTMCY","column_QYRQhT","column_8AhbCL","column_FyBx8h"],"settings":{"title":"Special Offers","heading_size":"h1","image_width":"full","image_ratio":"adapt","columns_desktop":3,"column_alignment":"left","background_style":"primary","button_label":"","button_link":"","color_scheme":"","columns_mobile":"1","swipe_on_mobile":false,"padding_top":36,"padding_bottom":36}}},"order":["image_banner","multicolumn_4hAkia"]}