{"current":{"search_enabled":false,"grid_product_truncate":false,"show_author":false,"show_date":true,"show_comments":true,"show_top_button":false,"show_breadcrumbs":false,"show_back_to_collection":false,"buy_now_text":"","cart_notes_enable":false,"cart_type":"page","icon_cart":"shopping_cart","cart_cost_checkout":true,"color_announcement_bg":"#da7f00","color_default":"#f7f7f7","color_primary":"#da7f00","color_secondary":"#000000","color_input":"#e6e6e6","color_drawer_bg":"#000000","color_drawer_default":"#000000","color_drawer_border":"#020103","color_drawer_primary":"#000000","color_drawer_button_text":"#000000","color_drawer_secondary":"#eaeaea","color_drawer_input":"#000000","color_drawer_error_text":"#c70000","color_footer_bg":"#000000","color_footer_default":"#000000","color_footer_border":"#353535","color_footer_primary":"#000000","color_footer_button_text":"#000000","color_footer_secondary":"#c6c6c6","color_footer_input":"#000000","color_overlay":"#000000","favicon":"shopify:\/\/shop_images\/Swish.png","share_facebook":false,"share_twitter":false,"share_pinterest":false,"share_whatsapp":false,"share_email":false,"share_messenger":false,"dbtfy_back_in_stock":false,"dbtfy_cart_countdown":false,"dbtfy_cart_goal":false,"dbtfy_cart_upsell":false,"dbtfy_collection_addtocart":false,"dbtfy_collection_filters":false,"dbtfy_cookie_box":false,"dbtfy_delivery_time":false,"dbtfy_faq_page":false,"dbtfy_inactive_tab_message":false,"dbtfy_instagram_feed":false,"dbtfy_inventory_quantity":false,"dbtfy_live_view":false,"dbtfy_mega_menu":true,"dbtfy_menu_bar":false,"dbtfy_newsletter_popup":false,"dbtfy_order_feedback":false,"dbtfy_pricing_table":true,"dbtfy_quick_view":false,"dbtfy_recently_viewed":false,"dbtfy_sales_countdown":false,"dbtfy_sales_pop":false,"dbtfy_size_chart":false,"dbtfy_smart_search":false,"dbtfy_social_discount":false,"dbtfy_upsell_bundles":false,"dbtfy_wish_list":false,"dbtfy_delivery_time_prefix":"Buy now to get  in","dbtfy_delivery_time_suffix":"business days","dbtfy_delivery_time_date":false,"dbtfy_delivery_time_from":6,"dbtfy_delivery_time_to":12,"dbtfy_menu_bar_desktop":true,"dbtfy_sticky_addtocart_mobile":false,"dbtfy_trust_badge_text_small":false,"dbtfy_wish_list_bubble":false,"dbtfy_wish_list_bubble_animation":false,"dbtfy_wish_list_count":false,"checkout_logo_image":"shopify:\/\/shop_images\/Elvo_bf318ad7-4b1e-4b81-94bb-63ee7b877af1.png","checkout_logo_position":"center","checkout_logo_size":"small","checkout_accent_color":"#da7f00","checkout_button_color":"#da7f00","sections":{"dbtfy-upsell-popup":{"type":"dbtfy-upsell-popup","settings":{"dbtfy_upsell_popup_width":"","dbtfy_upsell_popup_description":"See product details","dbtfy_upsell_popup_cart":"No thanks","dbtfy_upsell_popup_checkout":"Go to checkout →","text_alignment":"text-center","dbtfy_upsell_popup_range":75}},"dbtfy-quantity-breaks":{"type":"dbtfy-quantity-breaks","settings":{"dbtfy_quantity_breaks_text":"","dbtfy_quantity_breaks_single_text":"Buy _COUNT_: _PRICE_ _SAVED_AMOUNT_","dbtfy_quantity_breaks_more_discount_text_before":"Add","dbtfy_quantity_breaks_more_discount_text_after":"more item to unlock","dbtfy_quantity_breaks_more_discount_text_after_percentage":"off","dbtfy_quantity_breaks_highest_discount_text":"Highest discount applied!"}},"dbtfy-cart-upsell":{"type":"dbtfy-cart-upsell","settings":{"dbtfy_cart_upsell_button_style":"btn--primary"}},"dbtfy-color-swatches":{"type":"dbtfy-color-swatches","blocks":{"c5e86320-247f-4d87-9dbc-ceb81297e554":{"type":"swatch","settings":{"title":"Black","dbtfy_swatches_color_value":"#000000"}}},"block_order":["c5e86320-247f-4d87-9dbc-ceb81297e554"],"settings":{}},"dbtfy-bullet-points":{"type":"dbtfy-bullet-points","settings":{"dbtfy_bullet_points_position":"under-product-price"}},"dbtfy-sales-countdown":{"type":"dbtfy-sales-countdown","settings":{"dbtfy_sales_countdown_icons":"local_fire_department","dbtfy_sales_countdown_prefix":"Sale ends in","dbtfy_sales_countdown_suffix":"","dbtfy_sales_countdown_d":"d","dbtfy_sales_countdown_h":"h","dbtfy_sales_countdown_m":"m","dbtfy_sales_countdown_s":"s"}},"drawer-menu":{"type":"drawer-menu","settings":{"drawer_link_toggle":false,"email":false,"phone":false,"show_social_medias":false,"title":"Menu","drawer_top_link_list":"main-menu","drawer_bottom_link_list":"footer"}},"announcement":{"type":"announcement","blocks":{"announcement-0":{"type":"message","settings":{"announcement_text":"<p>Free Worldwide Shipping Today Only<\/p>"}},"ea86081e-cdfe-4c75-b72c-cac619ac3eb7":{"type":"message","settings":{"announcement_text":"<p>Free Shipping Worldwide | Free Returns<\/p>"}},"2c2d4d7e-db41-4852-8cdc-898e843cbfe0":{"type":"message","settings":{"announcement_text":"<p>Free Shipping Worldwide | 30-Day Free Returns<\/p>"}}},"block_order":["announcement-0","ea86081e-cdfe-4c75-b72c-cac619ac3eb7","2c2d4d7e-db41-4852-8cdc-898e843cbfe0"],"settings":{"show_announcement":true,"show_social":false,"email":false,"phone":false,"left_message":"","right_message":"","announcement_autoplayspeed":5}},"header":{"type":"header","settings":{"main_menu_link_list":"main-menu","navigation_type":"center","header_font_size":16,"logo_link":true,"default_logo_svg":"","inverted_logo_svg":"","mobile_logo_svg":"","logo_width":148,"logo_mobile_width":116}},"dbtfy-instagram-feed":{"type":"dbtfy-instagram-feed","settings":{"dbtfy_instagram_feed_icon":false,"dbtfy_instagram_feed_access_token":"","dbtfy_instagram_feed_resolution":"low_resolution","dbtfy_instagram_feed_full_width":false,"title":"From our Instagram","subtitle":"","dbtfy_instagram_feed_section_style":"section-border","dbtfy_instagram_feed_rows":"1","dbtfy_instagram_feed_desktop_grid":"6","dbtfy_instagram_feed_mobile_grid":"3"}},"guarantee":{"type":"guarantee","blocks":{"guarantee-0":{"type":"text","disabled":true,"settings":{"guarantee_icon":"loyalty","title":"Our Guarantee","text":"<p>Share your guarantees with your customers.<\/p>","button_style":"btn-outline-primary","button_label":"","button_link":""}},"guarantee-1":{"type":"text","disabled":true,"settings":{"guarantee_icon":"loyalty","title":"Our Guarantee","text":"<p>Share your guarantees with your customers.<\/p>","button_style":"btn-outline-primary","button_label":"","button_link":""}},"guarantee-2":{"type":"text","disabled":true,"settings":{"guarantee_icon":"loyalty","title":"Our Guarantee","text":"<p>Share your guarantees with your customers.<\/p>","button_style":"btn-outline-primary","button_label":"","button_link":""}}},"block_order":["guarantee-0","guarantee-1","guarantee-2"],"settings":{"show_guarantee":true,"guarantee_size":"xl","section_style":"section-border"}},"footer":{"type":"footer","blocks":{"footer-1":{"type":"link_list","settings":{"column_width":1,"title":"Quick Links","subtitle":"","footer_link_list":"footer"}},"ed63ec3b-1fd0-4234-9b33-7af905f80024":{"type":"link_list","settings":{"column_width":1,"title":"Menu","subtitle":"","footer_link_list":"main-menu"}},"footer-2":{"type":"newsletter","settings":{"column_width":2,"title":"Subscribe to our newsletter","subtitle":""}},"footer-0":{"type":"text","disabled":true,"settings":{"column_width":2,"svg":"","img_url":"","logo_width":150,"title":"About Us","subtitle":"","text":"","email":true,"phone":false}}},"block_order":["footer-1","ed63ec3b-1fd0-4234-9b33-7af905f80024","footer-2","footer-0"],"settings":{"show_social_media":false,"social_title":"Follow-us on social media!","show_payment_icons":true,"show_shopify_footer":false,"show_debutify_footer":false,"custom_credential":""}},"product-template":{"type":"product-template","settings":{"dbtfy_product_tabs_position":"under_addtocart","show_product_vendor":false,"show_product_type":true,"show_product_sku":false,"product_title_large":false,"show_product_tags":false,"show_product_collections":false,"enable_image_zoom":true,"enable_video_looping":true,"media_layout":"thumbnails","quantity_enabled":true,"product_selector":"select","show_product_description":true,"enable_split_description":false,"description_full":false,"dbtfy_product_description_position":"under_addtocart","description_style":"section-border","text_alignment":"text-center","text_alignment_mobile":"small--text-center"}},"dbtfy-upsell-bundles":{"type":"dbtfy-upsell-bundles","settings":{"dbtfy_upsell_bundles_title":"Frequently bought together","dbtfy_upsell_bundles_subtitle":"","dbtfy_upsell_bundles_total":"Total price:","dbtfy_upsell_bundles_cart":"Add selected items","dbtfy_upsell_bundles_icons":"library_add_check","dbtfy_upsell_bundles_current":"This item:","section_style":"section-border","dbtfy_upsell_bundles_reviews":false,"dbtfy_upsell_bundles_limit":"2","dbtfy_upsell_bundles_position":"product"}},"product-row":{"type":"product-row","settings":{"show_product_row":false}},"dbtfy-pricing-table":{"type":"dbtfy-pricing-table","settings":{"title":"Pricing table","subtitle":"","section_style":"section-blank","dbtfy_button_position":"middle"}},"product-recommendations":{"type":"product-recommendations","settings":{"show_product_recommendations":false,"title":"Recommended for you","subtitle":"","section_style":"section-border","rows":"2","desktop_grid":"4","mobile_grid":"2","slider_related_products":false,"arrows":false,"dots":false,"autoplay":false,"autoplayspeed":5}},"dbtfy-faq-section":{"type":"dbtfy-faq-section","settings":{"title":"FAQ","subtitle":"","section_style":"section-border","dbtfy_faq_searchbox":true,"dbtfy_faq_search_placeholder":"Search questions...","dbtfy_faq_bannerbox":true,"dbtfy_faq_banner_icon":"live_help","dbtfy_faq_banner_text":"Didn't find your answer?","dbtfy_faq_banner_subtitle":"Our customer service will be happy to help you.","dbtfy_faq_btn":"Get in Touch","dbtfy_faq_link":""}},"related-products":{"type":"related-products","settings":{"show_related_products":false,"related_collection":false,"same_vendor":false,"same_type":false,"never_empty":false,"title":"You may also like","subtitle":"","section_style":"section-border","rows":"1","desktop_grid":"4","mobile_grid":"2","slider_related_products":false,"arrows":false,"dots":false,"autoplay":false,"autoplayspeed":5}},"quotes":{"type":"quotes","settings":{"show_testimonials":false,"title":"Testimonials","subtitle":"","section_style":"section-blank","quote_width":"60","arrows":true,"dots":true,"autoplay":true,"autoplayspeed":5}},"dbtfy-size-chart":{"type":"dbtfy-size-chart","settings":{"dbtfy_size_chart_icon":"straighten","dbtfy_size_chart_title":"Size chart","dbtfy_size_chart_width":"large"}},"collection-template":{"type":"collection-template","settings":{"collection_tags_enable":true,"collection_tags_count":true,"collection_multiple_tags_filtering_enable":true,"collection_sort_enable":true,"tag_selector":"button","rows":"4","desktop_grid":"4","mobile_grid":"2"}},"dbtfy-collection-filters":{"type":"dbtfy-collection-filters","settings":{"clear_label":"Clear","clear_all_label":"Clear All","hide_unavailable_options":false,"show_tags_count":true,"visibility_tags_count":"all"}},"16421370630aee432a":{"type":"featured-products","settings":{"title":"Featured collection","subtitle":"","section_style":"section-blank","home_featured_products":"frontpage","rows":"2","desktop_grid":"4","mobile_grid":"2","show_view_all":false,"button_label":"View all","button_link":"","button_style":"btn-outline-primary","slider_related_products":true,"arrows":true,"dots":true,"autoplay":false,"autoplayspeed":5}}},"content_for_index":["16421370630aee432a"]}}