{"sections":{"main":{"type":"main-article","blocks":{"featured_image":{"type":"featured_image","settings":{"image_height":"adapt"}},"title":{"type":"title","settings":{"blog_show_date":true,"blog_show_author":false}},"share":{"type":"share","settings":{"share_label":"Share"}},"content":{"type":"content","settings":{}}},"block_order":["featured_image","title","share","content"],"settings":{}},"rich_text_LVNH8P":{"type":"rich-text","blocks":{"heading_gJY7eF":{"type":"heading","settings":{"heading":"","heading_size":"h1"}},"text_QhMECX":{"type":"text","settings":{"text":""}}},"block_order":["heading_gJY7eF","text_QhMECX"],"settings":{"desktop_content_position":"center","content_alignment":"center","color_scheme":"","full_width":true,"padding_top":40,"padding_bottom":52}}},"order":["main","rich_text_LVNH8P"]}