{"sections":{"main":{"type":"main-page","disabled":true,"settings":{"padding_top":28,"padding_bottom":28}},"image_with_text_M9QdRc":{"type":"image-with-text","blocks":{"heading_hRJrmh":{"type":"heading","settings":{"heading":"eToro: #1 Investing Platform","heading_size":"h1"}},"text_CtzFgX":{"type":"text","settings":{"text":"<p>Trade and invest on a trusted multi-asset platform. Get ideas from 30M users, practise with a demo account or copy top-performing traders automatically.<\/p>","text_style":"body"}},"button_6CmTbB":{"type":"button","settings":{"button_label":"TRY ETORO","button_link":"https:\/\/ETORO.COM\/SARAFINANCE","button_style_secondary":false}}},"block_order":["heading_hRJrmh","text_CtzFgX","button_6CmTbB"],"settings":{"image":"shopify:\/\/shop_images\/ETOROO.png","height":"adapt","desktop_image_width":"small","layout":"image_first","desktop_content_position":"top","desktop_content_alignment":"left","content_layout":"no-overlap","section_color_scheme":"","color_scheme":"","image_behavior":"none","mobile_content_alignment":"left","padding_top":36,"padding_bottom":36}}},"order":["main","image_with_text_M9QdRc"]}