{"sections":{"main":{"type":"main-page","disabled":true,"settings":{"padding_top":28,"padding_bottom":28}},"custom_liquid_VirXBb":{"type":"custom-liquid","settings":{"custom_liquid":"<div class=\"smartrmail-embedded\">\n<link rel=\"stylesheet\" media=\"screen\" href=\"https:\/\/go.smartrmail.com\/subscriber_lists\/subscribe_form\/5p3lpy\/design.css\" \/>\n<div class='container subscribe-form-body'>\n  <div class=\"row\">\n      <div class='subscribe-form-store-name'>SARA BUSINESS<\/div>\n    <div class=\"col-12\">\n      <div class=\"col-xs-8 col-sm-4 col-xs-offset-2 col-sm-offset-4\">\n        <h6 class='subscribe-form-heading'>Enter your email to access the free money chat!<\/h6>\n        <br>\n      <\/div>\n\n            <form action='https:\/\/go.smartrmail.com\/subscribe\/5p3lpy' method='post' class='form-classic col-xs-8 col-sm-4 subscribe-form col-xs-offset-2 col-sm-offset-4' id=\"subscribe-form\">\n        <input name=\"subscribe_form[anti_bot]\" type=\"text\" style=\"display: none\" \/>\n        <div class='form-group'>\n          <label>Email<\/label>\n          <input Required id=\"subscribe_form_email\" name=\"EMAIL\" type=\"email\" class=\"form-control\" placeholder=\"Required\">\n        <\/div>\n        \n        <div class='form-group'>\n          <button class=\"btn btn-lg btn-primary subscribe-form-submit margin-top-30\">Subscribe<\/button>\n        <\/div>\n      <\/form>\n\n    <\/div>\n  <\/div>\n<\/div>\n<\/div>","color_scheme":"scheme-2","padding_top":100,"padding_bottom":100}}},"order":["main","custom_liquid_VirXBb"]}