{"name":"t:sections.footer.name","type":"footer","sections":{"newsletter_dWidnz":{"type":"newsletter","blocks":{"heading_kneWwc":{"type":"heading","settings":{"heading":"Subscribe to our emails","heading_size":"h1"}},"paragraph_GB7Vmb":{"type":"paragraph","settings":{"text":"<p>Join 5K+ readers for tips, strategies, and resources on business, finance and investing.<\/p>"}},"email_form_AyCCP4":{"type":"email_form","settings":{}}},"block_order":["heading_kneWwc","paragraph_GB7Vmb","email_form_AyCCP4"],"settings":{"color_scheme":"scheme-2","full_width":true,"padding_top":40,"padding_bottom":52}},"footer":{"type":"footer","settings":{"color_scheme":"scheme-2","newsletter_enable":false,"newsletter_heading":"Subscribe to our emails","enable_follow_on_shop":false,"show_social":true,"enable_country_selector":false,"enable_language_selector":false,"payment_enable":false,"show_policy":false,"margin_top":0,"padding_top":36,"padding_bottom":36}}},"order":["newsletter_dWidnz","footer"]}