{"sections":{"blocky_image_with_text_AJLzGi":{"type":"blocky-image-with-text","blocks":{"review_stars_nnUBmt":{"type":"review-stars","settings":{"rating":5,"star_color":"#ffcc00","review_text_color":"#000000","empty_stars_style":"hidden","review_text":"Based on over <b>1000+<\/b> Reviews","review_font_size":16}},"title_dNtHXp":{"type":"title","settings":{"title":"<strong>Over 1000+ Orders Shipped<\/strong>","title_size":41,"title_color":"#000000"}},"body_aWkRYa":{"type":"body","settings":{"body_text":"<p>We have been in the industry since 2008 with over 10,00+ sastisfied customers.<\/p>","body_size":16,"body_color":"#000000"}},"button_4dbqMz":{"type":"button","settings":{"button_label":"Shop Now","button_link":"","button_border_radius":"curved","button_style":"regular","button_background_color":"#000000","button_text_color":"#ffffff"}}},"block_order":["review_stars_nnUBmt","title_dNtHXp","body_aWkRYa","button_4dbqMz"],"name":"Blocky Image and Text","settings":{"image":"shopify:\/\/shop_images\/stocked-pallet-in-warehouse.jpg","height":"small","desktop_image_width":"medium","image_fit":"cover","shadow":false,"layout_style":"1","background_color":"#ffffff","layout_2_background_color":"#fcfcfc","layout":"row","desktop_content_position":"center","desktop_content_alignment":"left","mobile_layout":"col","mobile_content_alignment":"left","text_container_gap":"1.5rem","page_width":1200,"padding_top":36,"padding_bottom":36}},"featured_collection_wMxYnM":{"type":"featured-collection","name":"t:sections.featured-collection.presets.name","settings":{"title":"","heading_size":"h2","description":"","show_description":false,"description_style":"body","collection":"frontpage","products_to_show":4,"columns_desktop":4,"full_width":false,"show_view_all":true,"view_all_style":"outline","enable_desktop_slider":false,"color_scheme":"","image_ratio":"adapt","image_shape":"default","show_secondary_image":false,"show_vendor":false,"show_rating":false,"quick_add":"none","columns_mobile":"2","swipe_on_mobile":true,"padding_top":36,"padding_bottom":36}}},"order":["blocky_image_with_text_AJLzGi","featured_collection_wMxYnM"]}