{"sections":{"main":{"type":"main-product","blocks":{"review_stars_kXbpid":{"type":"review-stars","settings":{"rating":5,"star_color":"#ffcc00","review_text_color":"#000000","empty_stars_style":"hidden","review_text":"Based on over <strong>1000+<\/strong> Reviews","review_font_size":16,"review_alignment":"flex-start"}},"title":{"type":"title","settings":{}},"price":{"type":"price","settings":{}},"variant_picker":{"type":"variant_picker","settings":{"picker_type":"button","swatch_shape":"circle"}},"quantity_selector":{"type":"quantity_selector","settings":{}},"buy_buttons":{"type":"buy_buttons","settings":{"show_dynamic_checkout":true,"show_gift_card_recipient":true}},"description":{"type":"description","settings":{}},"collapsible_tab_pnakVM":{"type":"collapsible_tab","settings":{"heading":"Product Details","icon":"clipboard","content":"","page":""}},"collapsible_tab_9jUktt":{"type":"collapsible_tab","settings":{"heading":"Shipping & Delivery","icon":"truck","content":"","page":""}},"collapsible_tab_mXtiYD":{"type":"collapsible_tab","settings":{"heading":"Return & Refund Policy","icon":"return","content":"","page":""}},"icon_with_text_mNdJbt":{"type":"icon-with-text","settings":{"layout":"vertical_2","desktop_icon_size":40,"desktop_font_size":16,"mobile_icon_size":30,"mobile_font_size":12,"icon_1":"box","heading_1":"Packed & Secured","icon_2":"return","heading_2":"Free & Easy Returns","icon_3":"truck","heading_3":"","icon_4":"check_mark","heading_4":""}}},"block_order":["review_stars_kXbpid","title","price","variant_picker","quantity_selector","buy_buttons","description","collapsible_tab_pnakVM","collapsible_tab_9jUktt","collapsible_tab_mXtiYD","icon_with_text_mNdJbt"],"settings":{"enable_sticky_info":true,"color_scheme":"scheme-1","media_size":"small","gallery_layout":"stacked","media_position":"left","image_zoom":"none","mobile_thumbnails":"show","hide_variants":true,"enable_video_looping":false,"product_info_padding":5,"padding_top":0,"padding_bottom":0}},"collapsible_content_wQPqNk":{"type":"collapsible-content","blocks":{"collapsible_row_EkzKfK":{"type":"collapsible_row","settings":{"heading":"Question 1","icon":"question_mark","row_content":"<p>Answer<\/p>","page":""}},"collapsible_row_C7FyMx":{"type":"collapsible_row","settings":{"heading":"Question 2","icon":"question_mark","row_content":"<p>Answer<\/p>","page":""}},"collapsible_row_pG6fjz":{"type":"collapsible_row","settings":{"heading":"Question 3","icon":"question_mark","row_content":"<p>Answer<\/p>","page":""}},"collapsible_row_kNzFnD":{"type":"collapsible_row","settings":{"heading":"Question 4","icon":"question_mark","row_content":"<p>Answer<\/p>","page":""}}},"block_order":["collapsible_row_EkzKfK","collapsible_row_C7FyMx","collapsible_row_pG6fjz","collapsible_row_kNzFnD"],"settings":{"caption":"Questions keeping you up at night?","heading":"We've got the answers to tuck you in!","heading_size":"h2","heading_alignment":"center","layout":"section","color_scheme":"","container_color_scheme":"scheme-1","open_first_collapsible_row":true,"image_ratio":"adapt","desktop_layout":"image_second","padding_top":0,"padding_bottom":0}},"blocky_lys_multicolumn_with_text_and_icon_yzXfbh":{"type":"blocky-lys-multicolumn-with-text-and-icon","blocks":{"column_Mezkx3":{"type":"column","settings":{"icon_code":"favorite","icon_color":"#000000","heading":"<h4><strong>Feature 1<\/strong><\/h4>","heading_color":"#000000","heading_font_size":18,"text":"<p>Highlight why this feature is important<\/p>","text_color":"#000000","text_font_size":13,"background_color":"#ffffff"}},"column_AX4DXT":{"type":"column","settings":{"icon_code":"science","icon_color":"#000000","heading":"<h4><strong>Feature 2<\/strong><\/h4>","heading_color":"#000000","heading_font_size":18,"text":"<p>Highlight why this feature is important<\/p>","text_color":"#000000","text_font_size":13,"background_color":"#ffffff"}},"column_t4GF4b":{"type":"column","settings":{"icon_code":"forum","icon_color":"#000000","heading":"<h4><strong>Feature 3<\/strong><\/h4>","heading_color":"#000000","heading_font_size":18,"text":"<p>Highlight why this feature is important<\/p>","text_color":"#000000","text_font_size":13,"background_color":"#ffffff"}},"column_L3D8Uz":{"type":"column","settings":{"icon_code":"pet_supplies","icon_color":"#000000","heading":"<h4><strong>Feature 4<\/strong><\/h4>","heading_color":"#000000","heading_font_size":18,"text":"<p>Highlight why this feature is important<\/p>","text_color":"#000000","text_font_size":13,"background_color":"#ffffff"}}},"block_order":["column_Mezkx3","column_AX4DXT","column_t4GF4b","column_L3D8Uz"],"settings":{"columns_desktop":4,"icon_position":"left","text_alignment":"left","icon_size_px":40,"columns_mobile":1,"mobile_icon_position":"left","mobile_text_alignment":"left","mobile_icon_size_px":40,"title":"","title_size":45,"title_color":"#000000","title_alignment":"center","columns_gap":14,"show_shadow":false,"full_screen":false,"background_color":"#ffffff","page_width":1200,"padding_top":12,"padding_bottom":12}},"related-products":{"type":"related-products","disabled":true,"settings":{"heading":"You may also like","heading_size":"h2","products_to_show":2,"columns_desktop":4,"color_scheme":"scheme-1","image_ratio":"portrait","image_shape":"default","show_secondary_image":true,"show_vendor":false,"show_rating":false,"columns_mobile":"2","padding_top":0,"padding_bottom":60}}},"order":["main","collapsible_content_wQPqNk","blocky_lys_multicolumn_with_text_and_icon_yzXfbh","related-products"]}