{"sections":{"banner":{"type":"main-collection-banner","settings":{"show_collection_description":true,"show_collection_image":false,"color_scheme":"background-1"}},"product-grid":{"type":"main-collection-product-grid","settings":{"color_scheme":"background-1","products_per_page":16,"columns_desktop":4,"image_ratio":"adapt","image_shape":"default","show_secondary_image":false,"show_vendor":false,"show_rating":false,"enable_quick_add":false,"enable_filtering":true,"filter_type":"horizontal","enable_sorting":true,"columns_mobile":"2","spacing_top_desktop":60,"spacing_bottom_desktop":60,"spacing_top_mobile":40,"spacing_bottom_mobile":40}}},"order":["banner","product-grid"]}