{"sections":{"image_with_text_mJqdeq":{"type":"image-with-text","blocks":{"heading_cHzm8M":{"type":"heading","settings":{"heading":"Over 10,000+ Shipped Orders","heading_size":"h1"}},"text_FqqBHg":{"type":"text","settings":{"text":"<p>We have been in the idustry since 2008 with over 10,000 satisfied customers.<\/p>","text_style":"body"}},"button_jwi6GL":{"type":"button","settings":{"button_label":"Shop Now","button_link":"shopify:\/\/collections\/all","button_style_secondary":false}}},"block_order":["heading_cHzm8M","text_FqqBHg","button_jwi6GL"],"name":"t:sections.image-with-text.presets.name","settings":{"height":"adapt","desktop_image_width":"medium","layout":"image_first","desktop_content_position":"top","desktop_content_alignment":"left","content_layout":"no-overlap","color_scheme":"","image_behavior":"none","mobile_content_alignment":"left","padding_top":36,"padding_bottom":36}},"featured_collection":{"type":"featured-collection","settings":{"title":"","heading_size":"h2","description":"","show_description":false,"description_style":"body","collection":"frontpage","products_to_show":4,"columns_desktop":4,"full_width":false,"show_view_all":true,"view_all_style":"solid","enable_desktop_slider":false,"color_scheme":"background-1","image_ratio":"adapt","image_shape":"default","show_secondary_image":true,"show_vendor":false,"show_rating":false,"enable_quick_add":false,"columns_mobile":"2","swipe_on_mobile":false,"padding_top":44,"padding_bottom":36}}},"order":["image_with_text_mJqdeq","featured_collection"]}