{"sections":{"main":{"type":"main-product","blocks":{"title":{"type":"title","settings":{"title_color":"#000000","font_size_desktop":32,"line_height_desktop":1.2,"font_size_mobile":24,"line_height_mobile":1.2,"text_align_desktop":"left","text_align_mobile":"left","spacing_top_desktop":6,"spacing_bottom_desktop":0,"spacing_top_mobile":5,"spacing_bottom_mobile":0}},"price":{"type":"price","settings":{"price_color":"#000000","price_font_weight":500,"prices_font_size_desktop":20,"prices_font_size_mobile":20,"regular_price_color":"#000000","regular_price_font_weight":500,"regularprice_font_size_desktop":20,"regularprice_font_size_mobile":18,"sale_price_color":"#000000","sale_price_font_weight":600,"saleprice_font_size_desktop":24,"saleprice_font_size_mobile":20,"enable_saved_badge_desktop":true,"enable_saved_badge_mobile":true,"saved_badge_roundness":0,"saved_badge_text":"SAVE [amount] ([percentage] OFF)","saved_badge_background":"#111111","saved_badge_color":"#ffffff","saved_badge_font_weight":500,"saved_badge_size_desktop":13,"saved_badge_size_mobile":11,"saved_badge_padding_top_bottom_desktop":5,"saved_badge_padding_left_right_desktop":10,"saved_badge_padding_top_bottom_mobile":5,"saved_badge_padding_left_right_mobile":10,"text_align_desktop":"left","text_align_mobile":"left","spacing_top_desktop":0,"spacing_bottom_desktop":0,"spacing_top_mobile":0,"spacing_bottom_mobile":0}},"7f1fc4b9-0028-4cce-9661-d844a92d0d5d":{"type":"bulletpoint","settings":{"background":"#efefef","svg_icon":"<svg xmlns=\"http:\/\/www.w3.org\/2000\/svg\" viewbox=\"0 0 16 16\" width=\"1em\" height=\"1em\" fill=\"currentColor\"><path d=\"M8 15A7 7 0 1 1 8 1a7 7 0 0 1 0 14zm0 1A8 8 0 1 0 8 0a8 8 0 0 0 0 16z\"><\/path><path d=\"M10.97 4.97a.235.235 0 0 0-.02.022L7.477 9.417 5.384 7.323a.75.75 0 0 0-1.06 1.06L6.97 11.03a.75.75 0 0 0 1.079-.02l3.992-4.99a.75.75 0 0 0-1.071-1.05z\"><\/path><\/svg>","svg_icon_color":"#121212","text":"<strong>Conversion<\/strong> <em>rate<\/em> <a href=\"https:\/\/exceedios-theme-development.myshopify.com\/products\/premium-standing-desk-e7-pro?variant=47217461723421&view=exceedios-template#\" title=\"#\">optimization<\/a>","text_color":"#121212","padding_top_desktop":8,"padding_bottom_desktop":0,"padding_left_right_desktop":10,"padding_top_mobile":8,"padding_bottom_mobile":0,"padding_left_right_mobile":10,"icon_size_desktop":20,"icon_size_mobile":20,"text_size_desktop":16,"text_size_mobile":16,"roundess_top_desktop":8,"roundess_bottom_desktop":0,"roundess_top_mobile":8,"roundess_bottom_mobile":0,"enable_max_width":false,"max_width_desktop":600,"max_width_mobile":600,"text_align_desktop":"left","text_align_mobile":"left","spacing_top_desktop":0,"spacing_bottom_desktop":0,"spacing_top_mobile":0,"spacing_bottom_mobile":0}},"48b8babf-3fcf-4d25-a10b-18d36a3b7cac":{"type":"bulletpoint","settings":{"background":"#efefef","svg_icon":"<svg xmlns=\"http:\/\/www.w3.org\/2000\/svg\" viewbox=\"0 0 16 16\" width=\"1em\" height=\"1em\" fill=\"currentColor\"><path d=\"M8 15A7 7 0 1 1 8 1a7 7 0 0 1 0 14zm0 1A8 8 0 1 0 8 0a8 8 0 0 0 0 16z\"><\/path><path d=\"M10.97 4.97a.235.235 0 0 0-.02.022L7.477 9.417 5.384 7.323a.75.75 0 0 0-1.06 1.06L6.97 11.03a.75.75 0 0 0 1.079-.02l3.992-4.99a.75.75 0 0 0-1.071-1.05z\"><\/path><\/svg>","svg_icon_color":"#121212","text":"Business-centered reporting","text_color":"#121212","padding_top_desktop":0,"padding_bottom_desktop":0,"padding_left_right_desktop":10,"padding_top_mobile":0,"padding_bottom_mobile":0,"padding_left_right_mobile":10,"icon_size_desktop":20,"icon_size_mobile":20,"text_size_desktop":16,"text_size_mobile":16,"roundess_top_desktop":0,"roundess_bottom_desktop":0,"roundess_top_mobile":0,"roundess_bottom_mobile":0,"enable_max_width":false,"max_width_desktop":600,"max_width_mobile":600,"text_align_desktop":"left","text_align_mobile":"left","spacing_top_desktop":0,"spacing_bottom_desktop":0,"spacing_top_mobile":0,"spacing_bottom_mobile":0}},"0064bbe5-d7d0-4524-95a8-2b6edb5a22b4":{"type":"bulletpoint","settings":{"background":"#efefef","svg_icon":"<svg xmlns=\"http:\/\/www.w3.org\/2000\/svg\" viewbox=\"0 0 16 16\" width=\"1em\" height=\"1em\" fill=\"currentColor\"><path d=\"M8 15A7 7 0 1 1 8 1a7 7 0 0 1 0 14zm0 1A8 8 0 1 0 8 0a8 8 0 0 0 0 16z\"><\/path><path d=\"M10.97 4.97a.235.235 0 0 0-.02.022L7.477 9.417 5.384 7.323a.75.75 0 0 0-1.06 1.06L6.97 11.03a.75.75 0 0 0 1.079-.02l3.992-4.99a.75.75 0 0 0-1.071-1.05z\"><\/path><\/svg>","svg_icon_color":"#121212","text":"Data-driven strategies","text_color":"#121212","padding_top_desktop":0,"padding_bottom_desktop":0,"padding_left_right_desktop":10,"padding_top_mobile":0,"padding_bottom_mobile":0,"padding_left_right_mobile":10,"icon_size_desktop":20,"icon_size_mobile":20,"text_size_desktop":16,"text_size_mobile":16,"roundess_top_desktop":0,"roundess_bottom_desktop":0,"roundess_top_mobile":0,"roundess_bottom_mobile":0,"enable_max_width":false,"max_width_desktop":600,"max_width_mobile":600,"text_align_desktop":"left","text_align_mobile":"left","spacing_top_desktop":0,"spacing_bottom_desktop":0,"spacing_top_mobile":0,"spacing_bottom_mobile":0}},"1ad85d30-67a3-4dbd-8162-0b5166bd12f6":{"type":"bulletpoint","settings":{"background":"#efefef","svg_icon":"<svg xmlns=\"http:\/\/www.w3.org\/2000\/svg\" viewbox=\"0 0 16 16\" width=\"1em\" height=\"1em\" fill=\"currentColor\"><path d=\"M8 15A7 7 0 1 1 8 1a7 7 0 0 1 0 14zm0 1A8 8 0 1 0 8 0a8 8 0 0 0 0 16z\"><\/path><path d=\"M10.97 4.97a.235.235 0 0 0-.02.022L7.477 9.417 5.384 7.323a.75.75 0 0 0-1.06 1.06L6.97 11.03a.75.75 0 0 0 1.079-.02l3.992-4.99a.75.75 0 0 0-1.071-1.05z\"><\/path><\/svg>","svg_icon_color":"#121212","text":"Multichannel impact","text_color":"#121212","padding_top_desktop":0,"padding_bottom_desktop":8,"padding_left_right_desktop":10,"padding_top_mobile":0,"padding_bottom_mobile":8,"padding_left_right_mobile":10,"icon_size_desktop":20,"icon_size_mobile":20,"text_size_desktop":16,"text_size_mobile":16,"roundess_top_desktop":0,"roundess_bottom_desktop":8,"roundess_top_mobile":0,"roundess_bottom_mobile":8,"enable_max_width":false,"max_width_desktop":600,"max_width_mobile":600,"text_align_desktop":"left","text_align_mobile":"left","spacing_top_desktop":0,"spacing_bottom_desktop":0,"spacing_top_mobile":0,"spacing_bottom_mobile":0}},"c97edbdb-8c57-4362-a62e-3c8d3831dab9":{"type":"size_guide","disabled":true,"settings":{"spacing_top_desktop":10,"spacing_bottom_desktop":0,"spacing_top_mobile":10,"spacing_bottom_mobile":0}},"variant_picker":{"type":"variant_picker","settings":{"variant_label_color":"#000000","variant_label_selected_color":"#555555","variant_label_size_desktop":16,"variant_label_size_mobile":16,"variant_label_font_weight":600,"variant_label_selected_font_weight":600,"color_swatch_size_desktop":44,"color_swatch_size_mobile":44,"color_swatches_roundness":50,"color_variants_inner_border":"#dddddd","color_variants_selected_border":"#000000","button_swatch_font_size_desktop":16,"button_swatch_font_size_mobile":16,"button_swatches_roundness":6,"variants_swatch_background":"#ffffff","variants_swatch_text_color":"#111111","variants_swatch_border":"#dddddd","variants_swatch_background_selected":"#ffffff","variants_swatch_text_color_selected":"#111111","variants_swatch_border_selected":"#111111","spacing_top_desktop":10,"spacing_bottom_desktop":15,"spacing_top_mobile":10,"spacing_bottom_mobile":10}},"quantity_selector":{"type":"quantity_selector","settings":{"color_scheme":"","quantity_selector_roundness":6,"quantity_label_font_weight":600,"quantity_label_text_size_desktop":15,"quantity_label_text_size_mobile":15,"quantity_selector_font_weight":800,"quantity_selector_border":2,"spacing_top_desktop":0,"spacing_bottom_desktop":0,"spacing_top_mobile":0,"spacing_bottom_mobile":0}},"buy_buttons":{"type":"buy_buttons","settings":{"add_to_cart_button_label":"Add to Cart","custom_buy_button_label":"Checkout","add_to_cart_sold_button_label":"SOLD","add_to_cart_unavailable_button_label":"Unavailable","enable_add_to_cart_icon":true,"add_to_cart_button_roundness":6,"add_to_cart_background":"#ffffff","add_to_cart_border":"#000000","add_to_cart_text":"#000000","add_to_cart_icon":"#000000","enable_custom_buy_button":true,"enable_custom_buy_icon":true,"custom_buy_button_roundness":6,"custom_buy_background":"#000000","custom_buy_border":"#000000","custom_buy_text":"#ffffff","custom_buy_icon":"#ffffff","gap_desktop":20,"gap_mobile":20,"spacing_top_desktop":0,"spacing_bottom_desktop":0,"spacing_top_mobile":0,"spacing_bottom_mobile":0}},"description":{"type":"description","settings":{"spacing_top_desktop":10,"spacing_bottom_desktop":0,"spacing_top_mobile":0,"spacing_bottom_mobile":0}},"share":{"type":"share","disabled":true,"settings":{"share_label":"Share"}}},"block_order":["title","price","7f1fc4b9-0028-4cce-9661-d844a92d0d5d","48b8babf-3fcf-4d25-a10b-18d36a3b7cac","0064bbe5-d7d0-4524-95a8-2b6edb5a22b4","1ad85d30-67a3-4dbd-8162-0b5166bd12f6","c97edbdb-8c57-4362-a62e-3c8d3831dab9","variant_picker","quantity_selector","buy_buttons","description","share"],"settings":{"enable_sticky_info":true,"media_size":"medium","constrain_to_viewport":true,"media_fit":"contain","gallery_layout":"stacked","media_position":"left","image_zoom":"lightbox","mobile_thumbnails":"hide","hide_variants":true,"enable_video_looping":false,"spacing_top_desktop":39,"spacing_bottom_desktop":48,"spacing_top_mobile":18,"spacing_bottom_mobile":0}},"related-products":{"type":"related-products","disabled":true,"settings":{"heading":"You may also like","heading_size":"h2","products_to_show":4,"columns_desktop":4,"color_scheme":"background-1","image_ratio":"square","image_shape":"default","show_secondary_image":true,"show_vendor":false,"show_rating":false,"columns_mobile":"2","padding_top":36,"padding_bottom":28}}},"order":["main","related-products"]}