{"sections":{"adev_main_product":{"type":"adev-main-product","blocks":{"7d4eee57-bd85-44e5-a8b8-4e9612e1158e":{"type":"rating","settings":{"section_id_attr":"#looxReviews","star_color":"#000000","star_size_desktop":17,"star_size_mobile":20,"show_rating_number":true,"rating":4.9,"rating_font_weight":500,"rating_font_size_desktop":20,"rating_font_size_mobile":18,"rating_color":"#000000","rating_item_count":"100+ Reviews","rating_text_font_weight":500,"rating_text_font_size_desktop":18,"rating_text_font_size_mobile":15,"text_color":"#242833","text_align_desktop":"left","text_align_mobile":"left","spacing_top_desktop":0,"spacing_bottom_desktop":0,"spacing_top_mobile":0,"spacing_bottom_mobile":0}},"d2f016b6-d040-476c-8374-dbeacc0769c4":{"type":"title","settings":{"title_color":"#121212","font_size_desktop":42,"line_height_desktop":1.2,"font_size_mobile":31,"line_height_mobile":1.2,"text_align_desktop":"left","text_align_mobile":"left","spacing_top_desktop":0,"spacing_bottom_desktop":0,"spacing_top_mobile":0,"spacing_bottom_mobile":0}},"35f2cf30-12fd-49c2-8018-bac3e83d0145":{"type":"price","settings":{"price_color":"#000000","price_font_weight":600,"prices_font_size_desktop":24,"prices_font_size_mobile":20,"regular_price_color":"#000000","regular_price_font_weight":500,"regularprice_font_size_desktop":20,"regularprice_font_size_mobile":18,"sale_price_color":"#000000","sale_price_font_weight":600,"saleprice_font_size_desktop":24,"saleprice_font_size_mobile":20,"enable_saved_badge_desktop":true,"enable_saved_badge_mobile":true,"saved_badge_roundness":7,"saved_badge_text":"SAVE [amount] ([percentage] OFF)","saved_badge_background":"#ec2626","saved_badge_color":"#ffffff","saved_badge_font_weight":600,"saved_badge_size_desktop":13,"saved_badge_size_mobile":11,"saved_badge_padding_top_bottom_desktop":5,"saved_badge_padding_left_right_desktop":10,"saved_badge_padding_top_bottom_mobile":5,"saved_badge_padding_left_right_mobile":10,"text_align_desktop":"left","text_align_mobile":"left","spacing_top_desktop":0,"spacing_bottom_desktop":0,"spacing_top_mobile":0,"spacing_bottom_mobile":0}},"0ba226fb-fdd1-4df3-b0ee-ff6101aa9f74":{"type":"richtext","settings":{"border_top":"rgba(0,0,0,0)","border_bottom":"rgba(0,0,0,0)","image_alignment":"middle","image_size_desktop":80,"image_size_mobile":52,"image_roundness_desktop":50,"image_roundness_mobile":50,"content":"<em>We outline bulletproof tactics that <\/em><em><strong>dramatically increase <\/strong><\/em><em>website traffic, revenue and profits, even during tough economic times<\/em> - <em>Exceedios<\/em>","background":"#ffffff","text_color":"#000000","text_align_desktop":"left","text_align_mobile":"left","font_size_desktop":15,"line_height_desktop":1.6,"font_size_mobile":13,"line_height_mobile":1.6,"padding_top_n_bottom_desktop":0,"padding_left_n_right_desktop":0,"padding_top_n_bottom_mobile":0,"padding_left_n_right_mobile":0,"enable_max_width":true,"max_width_desktop":570,"max_width_mobile":490,"roundness_desktop":0,"roundness_mobile":0,"spacing_top_desktop":10,"spacing_bottom_desktop":10,"spacing_top_mobile":10,"spacing_bottom_mobile":10}},"e065580b-2704-43db-864b-173a4009a5d1":{"type":"bulletpoint","settings":{"background":"#f1eeee","svg_icon":"<svg xmlns=\"http:\/\/www.w3.org\/2000\/svg\" viewbox=\"0 0 16 16\" width=\"1em\" height=\"1em\" fill=\"currentColor\"><path d=\"M8 15A7 7 0 1 1 8 1a7 7 0 0 1 0 14zm0 1A8 8 0 1 0 8 0a8 8 0 0 0 0 16z\"><\/path><path d=\"M10.97 4.97a.235.235 0 0 0-.02.022L7.477 9.417 5.384 7.323a.75.75 0 0 0-1.06 1.06L6.97 11.03a.75.75 0 0 0 1.079-.02l3.992-4.99a.75.75 0 0 0-1.071-1.05z\"><\/path><\/svg>","svg_icon_color":"#121212","text":"<strong>Conversion<\/strong> <em>rate<\/em> <a href=\"#\" title=\"#\">optimization<\/a>","text_color":"#121212","padding_top_desktop":10,"padding_bottom_desktop":0,"padding_left_right_desktop":10,"padding_top_mobile":10,"padding_bottom_mobile":0,"padding_left_right_mobile":10,"icon_size_desktop":20,"icon_size_mobile":20,"text_size_desktop":16,"text_size_mobile":16,"roundess_top_desktop":6,"roundess_bottom_desktop":0,"roundess_top_mobile":6,"roundess_bottom_mobile":0,"enable_max_width":false,"max_width_desktop":600,"max_width_mobile":600,"text_align_desktop":"left","text_align_mobile":"left","spacing_top_desktop":10,"spacing_bottom_desktop":0,"spacing_top_mobile":10,"spacing_bottom_mobile":0}},"660b8cb4-57c8-4d1d-a59e-d060cb46e643":{"type":"bulletpoint","settings":{"background":"#f1eeee","svg_icon":"<svg xmlns=\"http:\/\/www.w3.org\/2000\/svg\" width=\"32\" height=\"32\" viewbox=\"0 0 32 32\"><path fill=\"currentColor\" d=\"M10 18h8v2h-8zm0-5h12v2H10zm0 10h5v2h-5z\"><\/path><path fill=\"currentColor\" d=\"M25 5h-3V4a2 2 0 0 0-2-2h-8a2 2 0 0 0-2 2v1H7a2 2 0 0 0-2 2v21a2 2 0 0 0 2 2h18a2 2 0 0 0 2-2V7a2 2 0 0 0-2-2ZM12 4h8v4h-8Zm13 24H7V7h3v3h12V7h3Z\"><\/path><\/svg>","svg_icon_color":"#121212","text":"Business-centered reporting","text_color":"#121212","padding_top_desktop":0,"padding_bottom_desktop":0,"padding_left_right_desktop":10,"padding_top_mobile":0,"padding_bottom_mobile":0,"padding_left_right_mobile":10,"icon_size_desktop":20,"icon_size_mobile":20,"text_size_desktop":16,"text_size_mobile":16,"roundess_top_desktop":0,"roundess_bottom_desktop":0,"roundess_top_mobile":0,"roundess_bottom_mobile":0,"enable_max_width":false,"max_width_desktop":600,"max_width_mobile":600,"text_align_desktop":"left","text_align_mobile":"left","spacing_top_desktop":0,"spacing_bottom_desktop":0,"spacing_top_mobile":0,"spacing_bottom_mobile":0}},"ed00e647-568b-41a0-b883-70e763a886ff":{"type":"bulletpoint","settings":{"background":"#f1eeee","svg_icon":"<svg xmlns=\"http:\/\/www.w3.org\/2000\/svg\" width=\"1024\" height=\"1024\" viewbox=\"0 0 1024 1024\"><path fill=\"currentColor\" d=\"M904 747H120c-4.4 0-8 3.6-8 8v56c0 4.4 3.6 8 8 8h784c4.4 0 8-3.6 8-8v-56c0-4.4-3.6-8-8-8zM165.7 621.8l39.7 39.5c3.1 3.1 8.2 3.1 11.3 0l234.7-233.9l97.6 97.3a32.11 32.11 0 0 0 45.2 0l264.2-263.2c3.1-3.1 3.1-8.2 0-11.3l-39.7-39.6a8.03 8.03 0 0 0-11.3 0l-235.7 235l-97.7-97.3a32.11 32.11 0 0 0-45.2 0L165.7 610.5a7.94 7.94 0 0 0 0 11.3z\"><\/path><\/svg>","svg_icon_color":"#121212","text":"Data-driven strategies","text_color":"#121212","padding_top_desktop":0,"padding_bottom_desktop":0,"padding_left_right_desktop":10,"padding_top_mobile":0,"padding_bottom_mobile":0,"padding_left_right_mobile":10,"icon_size_desktop":20,"icon_size_mobile":20,"text_size_desktop":16,"text_size_mobile":16,"roundess_top_desktop":0,"roundess_bottom_desktop":0,"roundess_top_mobile":0,"roundess_bottom_mobile":0,"enable_max_width":false,"max_width_desktop":600,"max_width_mobile":600,"text_align_desktop":"left","text_align_mobile":"left","spacing_top_desktop":0,"spacing_bottom_desktop":0,"spacing_top_mobile":0,"spacing_bottom_mobile":0}},"bc06413e-7558-45cc-9195-e47a74c4e346":{"type":"bulletpoint","settings":{"background":"#f1eeee","svg_icon":"<svg xmlns=\"http:\/\/www.w3.org\/2000\/svg\" width=\"512\" height=\"512\" viewbox=\"0 0 512 512\"><path fill=\"currentColor\" d=\"M105.4 26.28C122.1 96.08 82.98 121 27 132.6c70.72 24.3 36.69 48.4 21.99 72.6c66.01-5.1 87.51 25.8 87.41 74.3c36.5-20.1 51.6-62.3 147.1-21.6c-23.4-43.1-31.9-75.3 20.3-118.5c-39.7-14.2-77-30.2-58.1-81.17c-56.3 37.85-98.9 5.52-140.3-31.95zm66.9 67.89a62.23 62.23 0 0 1 62.2 62.23a62.23 62.23 0 0 1-62.2 62.2a62.23 62.23 0 0 1-62.2-62.2a62.23 62.23 0 0 1 62.2-62.23zM318.9 218.2c17.3 81.3-25 98-89 91.2c30.9 31.9 50.2 68 16.1 123.1c45.3-11.2 88.5-13.6 113.9 49.8c22.5-46.1 64.8-52.4 116.7-38.7c-17.9-27.7-38-55.4 16.9-82.8c-37-25.5-74.3-50.7-49.4-124.5c-45.3 51-86.7 40.1-125.2-18.1zm47.4 76.7a62.23 62.23 0 0 1 62.2 62.2a62.23 62.23 0 0 1-62.2 62.2a62.23 62.23 0 0 1-62.2-62.2a62.23 62.23 0 0 1 62.2-62.2z\"><\/path><\/svg>","svg_icon_color":"#121212","text":"Multichannel impact","text_color":"#121212","padding_top_desktop":0,"padding_bottom_desktop":10,"padding_left_right_desktop":10,"padding_top_mobile":0,"padding_bottom_mobile":10,"padding_left_right_mobile":10,"icon_size_desktop":20,"icon_size_mobile":20,"text_size_desktop":16,"text_size_mobile":16,"roundess_top_desktop":0,"roundess_bottom_desktop":6,"roundess_top_mobile":0,"roundess_bottom_mobile":6,"enable_max_width":false,"max_width_desktop":600,"max_width_mobile":600,"text_align_desktop":"left","text_align_mobile":"left","spacing_top_desktop":0,"spacing_bottom_desktop":10,"spacing_top_mobile":0,"spacing_bottom_mobile":10}},"70f2436d-693b-4b21-908e-9384455cb15a":{"type":"product_options","settings":{"variant_label_color":"#000000","variant_label_selected_color":"#555555","variant_label_size_desktop":16,"variant_label_size_mobile":16,"variant_label_font_weight":600,"variant_label_selected_font_weight":600,"color_swatch_size_desktop":42,"color_swatch_size_mobile":44,"color_swatches_roundness":50,"color_variants_inner_border":"#dddddd","color_variants_selected_border":"#000000","button_swatch_font_size_desktop":15,"button_swatch_font_size_mobile":16,"button_swatches_roundness":6,"variants_swatch_background":"#ffffff","variants_swatch_text_color":"#111111","variants_swatch_border":"#dddddd","variants_swatch_background_selected":"#ffffff","variants_swatch_text_color_selected":"#111111","variants_swatch_border_selected":"#111111","enable_bundle":true,"hide_product_price":false,"bundle_roundness":6,"bundle_pack_size":"3","bundle_product_term":"unit","bundle_product_plural_term":"s","bundle_discount_type":"fixed","bundle_2_fixed_discount_amount":"1","bundle_2_percentage_discount_amount":"1","bundle_shipping_2":"2","bundle_badge_2":"MOST POPULAR","bundle_3_fixed_discount_amount":"1","bundle_3_percentage_discount_amount":"1","bundle_shipping_3":"0","bundle_badge_3":"BEST VALUE","bundle_item_background_color":"#ffffff","bundle_item_border_color":"#000000","bundle_item_badge_background_color":"#000000","bundle_item_badge_color":"#ffffff","bundle_item_title_color":"#000000","bundle_item_regular_price_color":"#9e9e9e","bundle_item_sale_price_color":"#000000","bundle_item_save_badge_bg_color":"#000000","bundle_item_save_badge_text_color":"#ffffff","bundle_item_per_pair_text_color":"#000000","bundle_item_shipping_text_background":"#000000","bundle_item_shipping_text_color":"#ffffff","bundle_item_background_color_selected":"#000000","bundle_item_border_color_selected":"#dd1d1d","bundle_item_badge_background_color_selected":"#dd1d1d","bundle_item_badge_color_selected":"#ffffff","bundle_item_title_color_selected":"#ffffff","bundle_item_regular_price_color_selected":"#9e9e9e","bundle_item_sale_price_color_selected":"#ffffff","bundle_item_save_badge_bg_color_selected":"#dd1d1d","bundle_item_save_badge_text_color_selected":"#ffffff","bundle_item_per_pair_text_color_selected":"#ffffff","bundle_item_shipping_text_background_selected":"#dd1d1d","bundle_item_shipping_text_color_selected":"#ffffff","bundle_tab_roundness":6,"bundle_tab_background_color":"#f2f2f2","bundle_tab_text_color":"#000000","bundle_tab_border_color":"#ffffff","bundle_tab_selected_background_color":"#000000","bundle_tab_selected_text_color":"#ffffff","bundle_tab_selected_border_color":"#dd1d1d","spacing_top_desktop":0,"spacing_bottom_desktop":0,"spacing_top_mobile":0,"spacing_bottom_mobile":0}},"6eff0ec8-0fa4-4eb7-a3f1-75aad31aa1a7":{"type":"size_guide","settings":{"spacing_top_desktop":10,"spacing_bottom_desktop":0,"spacing_top_mobile":10,"spacing_bottom_mobile":0}},"1a47311c-7925-4dc0-8242-ee6715fada2a":{"type":"sale_timer","settings":{"enable_timer":true,"sale_timer_roundness":6,"timer_minutes":30,"timer_background":"#000000","timer_heading":"🔥 Hurry Up 🔥","timer_heading_font_size":20,"timer_heading_color":"#ffffff","timer_subheading":"Sale ends in:","timer_subheading_font_size":16,"timer_subheading_color":"#999999","timer_unit_font_size":21,"timer_unit_color":"#ffffff","timer_unit_text_font_size":13,"timer_unit_text_color":"#bbbbbb","spacing_top_desktop":15,"spacing_bottom_desktop":15,"spacing_top_mobile":15,"spacing_bottom_mobile":15}},"7e492344-d8f6-42be-8cfb-77c0c1a9d9b1":{"type":"checkout_buttons","settings":{"add_to_cart_button_label":"Add to <strong>Cart<\/strong>","custom_buy_button_label":"Checkout","add_to_cart_sold_button_label":"SOLD","add_to_cart_unavailable_button_label":"Unavailable","enable_add_to_cart_icon":true,"add_to_cart_button_roundness":6,"add_to_cart_background":"#ffffff","add_to_cart_border":"#000000","add_to_cart_text":"#000000","add_to_cart_icon":"#000000","enable_custom_buy_button":true,"enable_custom_buy_icon":true,"custom_buy_button_roundness":6,"custom_buy_background":"#dd1d1d","custom_buy_border":"#dd1d1d","custom_buy_text":"#ffffff","custom_buy_icon":"#ffffff","gap_desktop":15,"gap_mobile":15,"spacing_top_desktop":10,"spacing_bottom_desktop":0,"spacing_top_mobile":0,"spacing_bottom_mobile":0}},"4057811a-3426-4a54-828f-455ba316ec12":{"type":"payment_badge_v1","settings":{"payment_icons_background":"rgba(0,0,0,0)","payment_icons_border":"rgba(0,0,0,0)","payment_icons_size_desktop":50,"payment_icons_size_mobile":50,"payment_icons_padding_desktop":5,"payment_icons_padding_mobile":0,"payment_icons_roundness_desktop":5,"payment_icons_roundness_mobile":5,"spacing_top_desktop":0,"spacing_bottom_desktop":0,"spacing_top_mobile":0,"spacing_bottom_mobile":0}}},"block_order":["7d4eee57-bd85-44e5-a8b8-4e9612e1158e","d2f016b6-d040-476c-8374-dbeacc0769c4","35f2cf30-12fd-49c2-8018-bac3e83d0145","0ba226fb-fdd1-4df3-b0ee-ff6101aa9f74","e065580b-2704-43db-864b-173a4009a5d1","660b8cb4-57c8-4d1d-a59e-d060cb46e643","ed00e647-568b-41a0-b883-70e763a886ff","bc06413e-7558-45cc-9195-e47a74c4e346","70f2436d-693b-4b21-908e-9384455cb15a","6eff0ec8-0fa4-4eb7-a3f1-75aad31aa1a7","1a47311c-7925-4dc0-8242-ee6715fada2a","7e492344-d8f6-42be-8cfb-77c0c1a9d9b1","4057811a-3426-4a54-828f-455ba316ec12"],"settings":{"enable_container_width":true,"container_width":1340,"background":"#ffffff","enable_border":false,"border_color":"#000000","main_media_width":55,"main_media_roundness_desktop":6,"media_thumbnails_count_desktop":6,"media_thumbnails_count_mobile":5,"enable_thumbnails_desktop":true,"enable_thumbnails_mobile":true,"main_thumb_roundness_desktop":6,"main_thumb_roundness_mobile":6,"spacing_top_desktop":60,"spacing_bottom_desktop":60,"spacing_top_mobile":0,"spacing_bottom_mobile":15}},"a0b4ebbe-d894-4bad-a4f6-faeec45fbe46":{"type":"adev-image-with-texts","blocks":{"52b61c86-419f-400c-b18c-bddbd5f70bf9":{"type":"Heading","settings":{"heading":"Exceedios.com","heading_color":"#2a2a2a","heading_font_size_desktop":48,"heading_line_height_desktop":1.4,"heading_font_size_mobile":36,"heading_line_height_mobile":1.4,"spacing_top_desktop":0,"spacing_bottom_desktop":0,"spacing_top_mobile":0,"spacing_bottom_mobile":0}},"7ef0134d-88d7-4851-af98-936723b77622":{"type":"Paragraph","settings":{"content":"<p>Scaling <span style=\"text-decoration:underline\">Google Ads<\/span> for B2C eCommerce stores. We utilize <strong>Google Ads<\/strong> as the main source of website traffic to maximize your <strong>profit<\/strong>.<\/p>","content_color":"#121212","text_size_desktop":16,"text_line_height_desktop":1.4,"text_size_mobile":15,"text_line_height_mobile":1.4,"spacing_top_desktop":15,"spacing_bottom_desktop":0,"spacing_top_mobile":15,"spacing_bottom_mobile":0}},"c11ec413-34ab-49b0-a72a-a12810bbe060":{"type":"Button","settings":{"btn_link":"https:\/\/socials.exceedios.com\/calendly-shopify-theme","btn_text":"Book Your Call","btn_roundness":6,"btn_background":"#dd1d1d","btn_text_color":"#ffffff","btn_border_color":"#dd1d1d","spacing_top_desktop":15,"spacing_bottom_desktop":0,"spacing_top_mobile":15,"spacing_bottom_mobile":0}},"8e889910-5faa-443e-bc86-2ffee9d90bbb":{"type":"add_to_cart","settings":{"selected_product":"","btn_text":"<strong>ADD TO CART<\/strong>","btn_roundness":0,"btn_background":"#ffffff","btn_text_color":"#000000","btn_border_color":"#000000","spacing_top_desktop":15,"spacing_bottom_desktop":15,"spacing_top_mobile":15,"spacing_bottom_mobile":15,"preview_while_design":false,"popup_roundness":0,"variants_roundness":0,"popup_background":"#ffffff","popup_border":"#ffffff","close_icon_color":"#000000","borders_color":"#dddddd","title_color":"#000000","variant_color":"#444444","price_color":"#000000","regular_price_color":"#555555","sale_price_color":"#000000","variant_label_color":"#000000","variant_select_background":"#ffffff","variant_select_color":"#000000","variant_select_border":"#dddddd","addtocart_background":"#000000","addtocart_color":"#ffffff"}}},"block_order":["52b61c86-419f-400c-b18c-bddbd5f70bf9","7ef0134d-88d7-4851-af98-936723b77622","c11ec413-34ab-49b0-a72a-a12810bbe060","8e889910-5faa-443e-bc86-2ffee9d90bbb"],"settings":{"enable_container":true,"enable_container_width":true,"container_width":1360,"background":"#ffffff","enable_before_after":false,"enable_before_after_badges":false,"video":"","width_desktop":50,"roundness":6,"custom_height":false,"height_desktop":680,"height_mobile":450,"move_image_to_right":true,"desktop_alignment":"center","mobile_alignment":"center","spacing_top_desktop":30,"spacing_bottom_desktop":60,"spacing_top_mobile":10,"spacing_bottom_mobile":20}},"737648fb-bb79-4bea-8ab3-589a3d96ca3f":{"type":"adev-featured-columns","blocks":{"a465c9e6-6c8c-4c09-b61a-c02178733bf0":{"type":"item","settings":{"heading":"Are you prepared for unprecedented profits?","heading_size_desktop":30,"heading_line_height_desktop":1.4,"heading_size_mobile":26,"heading_line_height_mobile":1.4,"content":"Free Pay Per Click Ads Audit","content_size_desktop":17,"content_line_height_desktop":1.4,"content_size_mobile":16,"content_line_height_mobile":1.4,"spacing_top_desktop":25,"spacing_bottom_desktop":20,"spacing_top_mobile":25,"spacing_bottom_mobile":20}},"1eb64121-64e6-4221-bfbc-aa50141fa96f":{"type":"item","settings":{"heading":"Revenue Obsessed","heading_size_desktop":30,"heading_line_height_desktop":1.4,"heading_size_mobile":26,"heading_line_height_mobile":1.4,"content":"Business-Specific Success Strategy","content_size_desktop":17,"content_line_height_desktop":1.4,"content_size_mobile":16,"content_line_height_mobile":1.4,"spacing_top_desktop":25,"spacing_bottom_desktop":20,"spacing_top_mobile":25,"spacing_bottom_mobile":20}},"754c8fd4-f940-4d67-bbf2-5d6bc7e25be4":{"type":"item","settings":{"heading":"5X your eCommerce business in months","heading_size_desktop":30,"heading_line_height_desktop":1.4,"heading_size_mobile":26,"heading_line_height_mobile":1.4,"content":"Multi-channel Game Plan","content_size_desktop":17,"content_line_height_desktop":1.4,"content_size_mobile":16,"content_line_height_mobile":1.4,"spacing_top_desktop":25,"spacing_bottom_desktop":20,"spacing_top_mobile":25,"spacing_bottom_mobile":20}}},"block_order":["a465c9e6-6c8c-4c09-b61a-c02178733bf0","1eb64121-64e6-4221-bfbc-aa50141fa96f","754c8fd4-f940-4d67-bbf2-5d6bc7e25be4"],"settings":{"enable_container_width":true,"container_width":1600,"background_color":"#0e0e0f","heading_color":"#ffffff","content_color":"#ffffff","content_alignment_desktop":"center","content_alignment_mobile":"center","roundness":6,"columns_per_row_desktop":"3","enable_custom_height":false,"height_desktop":340,"height_mobile":240,"spacing_top_desktop":60,"spacing_bottom_desktop":40,"spacing_top_mobile":35,"spacing_bottom_mobile":35}},"05f7febe-2e22-4663-935f-b6f25e419635":{"type":"adev-item-features","blocks":{"dcce14f0-5b2c-43e2-826c-55047b2bf780":{"type":"hotspot","settings":{"hotspot_tab":"1","hotspot_top_desktop":50,"hotspot_left_desktop":50,"hotspot_top_mobile":50,"hotspot_left_mobile":50,"title":"Our Expert Team Boasts Years in eCommerce","content":"The difference between experienced, best-in-class PPC managers and regular Joe’s is the additional profit you can achieve when you go beyond PPC basics."}},"a5873d2f-5704-4821-9d5f-7b9a8a52fede":{"type":"hotspot","settings":{"hotspot_tab":"1","hotspot_top_desktop":66,"hotspot_left_desktop":32,"hotspot_top_mobile":63,"hotspot_left_mobile":26,"title":"Advanced Product Feed Management","content":"As specialists in Google Merchant Center, we maintain flawless accounts, avoiding disapprovals and warnings, and excel in resolving suspensions. We also provide support for multi-country GMC, creating tailored feeds for each nation with accurate data and currency on a global scale."}},"e70941a2-cce3-4c13-a77f-eb5142c0ed7b":{"type":"hotspot","settings":{"hotspot_tab":"2","hotspot_top_desktop":68,"hotspot_left_desktop":63,"hotspot_top_mobile":50,"hotspot_left_mobile":50,"title":"Data-Driven Ads Management","content":"Our decisions are guided by data, and we monitor through bespoke columns in your dashboard, employing distinct UTMs and tags, and at times utilizing cutting-edge third-party software."}}},"block_order":["dcce14f0-5b2c-43e2-826c-55047b2bf780","a5873d2f-5704-4821-9d5f-7b9a8a52fede","e70941a2-cce3-4c13-a77f-eb5142c0ed7b"],"settings":{"background":"#ffffff","titles_position":"sides","titles_position_mobile":"center","title":"Premium PPC Agency","title_color_desktop":"#121212","title_color_mobile":"#121212","title_font_weight":400,"title_font_size_desktop":32,"title_line_height_desktop":1.4,"title_font_size_mobile":24,"title_line_height_mobile":1.4,"subtitle":"We never pass off your account to subpar talent","subtitle_color_desktop":"#121212","subtitle_color_mobile":"#121212","subtitle_font_weight":300,"subtitle_font_size_desktop":16,"subtitle_line_height_desktop":1.4,"subtitle_font_size_mobile":14,"subtitle_line_height_mobile":1.4,"tabs_roundness":25,"tab_background_color":"#ffffff","tab_text_color":"#000000","tab_background_color_selected":"#000000","tab_text_color_selected":"#ffffff","enable_tab_1":true,"tab_1_label":"Front","enable_tab_2":true,"tab_2_label":"Back","enable_tab_3":false,"tab_3_label":"Side","enable_tab_4":false,"tab_4_label":"Top","media_roundness_desktop":5,"media_roundness_mobile":6,"media_max_width":700,"media_spacing_top_desktop":0,"media_spacing_bottom_desktop":30,"media_spacing_top_mobile":0,"media_spacing_bottom_mobile":30,"show_popup_on_customizer_mobile":false,"hotspot_images_aspect_ratio":"16:9","hotspot_media_roundness":6,"hotspot_background_mobile":"#ffffff","hotspot_close_icon_mobile":"#000000","hotspot_circle_size":15,"hotspot_color":"#121212","hotspot_outer_color":"#dd1d1d","hotspot_color_selected":"#ffffff","hotspot_number_color_desktop":"#000000","hotspot_number_color_mobile":"#000000","hotspot_number_font_weight":600,"hotspot_number_size_desktop":16,"hotspot_number_size_mobile":14,"hotspot_title_color_desktop":"#000000","hotspot_title_color_mobile":"#000000","hotspot_title_font_weight":600,"hotspot_title_font_size_desktop":16,"hotspot_title_line_height_desktop":1.4,"hotspot_title_font_size_mobile":14,"hotspot_title_line_height_mobile":1.4,"hotspot_content_color_desktop":"#000000","hotspot_content_color_mobile":"#000000","hotspot_content_font_weight":400,"hotspot_content_font_size_desktop":14,"hotspot_content_line_height_desktop":1.4,"hotspot_content_font_size_mobile":14,"hotspot_content_line_height_mobile":1.4,"hotspot_border_color":"#000000","hotspot_arrow_color_desktop":"#000000","hotspot_arrow_color_mobile":"#000000","spacing_top_desktop":60,"spacing_bottom_desktop":60,"spacing_top_mobile":35,"spacing_bottom_mobile":40}},"0cf97bd8-aec6-44ff-9e52-162e432188e0":{"type":"adev-scrolling-text","blocks":{"c722b2ef-2603-41e5-8f30-831f2da595e7":{"type":"text","settings":{"text":"46+ ACTIVE CLIENTS"}},"1d19690e-6b4d-41dd-949f-b58879618593":{"type":"text","settings":{"text":"$1.4M+ PROFIT GENERATED FOR CLIENTS"}},"cc3ff112-e1d1-4b78-b8d9-4cced71d1d80":{"type":"text","settings":{"text":"$8.96M+ TOTAL REVENUE GENERATED"}}},"block_order":["c722b2ef-2603-41e5-8f30-831f2da595e7","1d19690e-6b4d-41dd-949f-b58879618593","cc3ff112-e1d1-4b78-b8d9-4cced71d1d80"],"settings":{"background_color":"#000000","text_color":"#ffffff","enable_container":false,"text_font_weight":600,"text_size_desktop":34,"text_size_mobile":20,"icon_size_desktop":90,"icon_size_mobile":80,"direction":"right","speed_desktop":20,"speed_mobile":18,"spacing_top_desktop":20,"spacing_bottom_desktop":20,"spacing_top_mobile":10,"spacing_bottom_mobile":10}},"053c4012-ad0a-479a-ba4c-162cd4fff75e":{"type":"adev-media-and-icons","blocks":{"c56885e7-9b35-4f67-89a7-68f0e9bb76f3":{"type":"item","settings":{"icon_type":"svg","svg_icon":"<svg xmlns=\"http:\/\/www.w3.org\/2000\/svg\" width=\"400\" height=\"400\" viewbox=\"0 0 128 128\"><path fill=\"#E0E0E0\" d=\"M56.48 35.92c.6-2.69.14-1.41-3.73-7.07c-3.48-5.08-2.76-12.3-6.88-15.89c-2.53-2.2-5.7-4.67-17.51 1.27c-4.1 2.06-12.29 8.85-21.57 11.96c-7.47 2.5-3.33 5.52-1.74 6.08c5.66 1.99 13.15-2.31 13.15-2.31s-10.74 7.02-4.43 8.68c5.12 1.35 11.57-4.8 11.57-4.8s-6.32 6.7-1.15 8.42c3.55 1.18 10.6-5.56 10.6-5.56s-4.93 6.85-2.55 8.3c3.62 2.2 9.55-3.47 9.55-3.47s-4.71 6.88-2.25 8c3.68 1.68 9.14-3.04 9.14-3.04s6.72-5.76 7.8-10.57z\"><\/path><path fill=\"#BDBDBD\" d=\"M35.68 13.76s-6.44 3.78-8.79 6.82c-.31.4-2.24 2.33-.54 3.44c.43.28 1.71.1 2.47-.36c3.46-2.1 9.58-7.08 10.25-6.82c.67.26-5.47 4.3-7.45 9.19c-.74 1.84.7 3.16 4.45.95c4.08-2.4 7.59-6.63 8.18-6.61c0 0-1.64 2.86-3.74 5.12c-2.14 2.31-3.65 4.66-2.07 5.4c1.99.94 6.29-1.61 6.29-1.61s-2.74 3.32-6.29 4.07c-1.25.27-2.23.1-2.83-.58c-.91-1.04-.56-2.64-.56-2.64c-1.89.75-5.15 1.97-7.09.33c-1.51-1.28.55-5.03.55-5.03s-3.65 2.02-5.73 1.41c-1.08-.32-2.73-1.88-.32-5.19c3.8-5.17 13.22-7.89 13.22-7.89zm7.7 36.37c4.17-5.42 8.34-10.83 12.51-16.25l-.36-1.56c-.18-.55-1.82-.62-4.09.69c-1.52.88-4.31 4.04-6.1 2.3c-1.24-1.2 2.32-5.49 2.32-5.49c-.49.01-4.44 2.65-5.07 5.3c-.54 2.25-.02 4.89 5.06 2.32c.15-.08.31-.17.46-.26c-.64 1.01-1.22 2.07-1.71 3.15c-1.42 3.12-2.26 6.46-3.02 9.8z\"><\/path><lineargradient id=\"notoMoneyWithWings0\" x1=\"47.717\" x2=\"47.717\" y1=\"25.515\" y2=\"25.515\" gradienttransform=\"rotate(36.505 86.34 69.442)\" gradientunits=\"userSpaceOnUse\"><stop offset=\"0\" stop-color=\"#43A047\"><\/stop><stop offset=\".999\" stop-color=\"#66BB6A\"><\/stop><\/lineargradient><path fill=\"url(#notoMoneyWithWings0)\" d=\"m81.39 11.13l.07.05\"><\/path><path fill=\"#66BB6A\" d=\"M87.13 70.83c-10.05 15.06-18.5 31.65-37.72 36.73c-.2.05-.41-.01-.55-.16l-31.4-34.65c-.93-1.03-.47-2.66.85-3.09c12.91-4.24 20.97-14.34 28.15-25.11c9.9-14.83 18.38-31.15 36.99-36.5c.71-.27 1.54-.1 2.08.49c4.17 4.6 35.62 34.54 35.67 34.6c.02.01-26.36 16.13-34.07 27.69z\"><\/path><path fill=\"#FFF\" d=\"M58.11 77.71c-.68-.68-1.49-1.02-2.43-1.01s-2.16.39-3.67 1.14c-2.05 1.09-3.83 1.6-5.32 1.55c-1.49-.06-2.83-.68-4.01-1.87c-1.21-1.21-1.85-2.56-1.91-4.04c-.07-1.48.44-2.91 1.53-4.29l-1.91-1.92a.736.736 0 0 1 0-1.03l.62-.62c.28-.28.74-.28 1.03 0l1.92 1.93c1.41-1.07 2.9-1.51 4.46-1.33c1.4.17 2.78.86 4.13 2.1c.26.24.26.66.01.91l-1.14 1.14c-.24.24-.63.24-.88.01c-.9-.78-1.83-1.23-2.78-1.33c-1.11-.12-2.09.24-2.93 1.08c-.88.88-1.33 1.78-1.34 2.69c-.01.92.39 1.79 1.2 2.6c.75.76 1.6 1.11 2.54 1.07c.94-.04 2.15-.44 3.65-1.2s2.77-1.23 3.85-1.42c1.07-.19 2.05-.14 2.93.14c.88.29 1.71.82 2.49 1.6c1.24 1.25 1.87 2.63 1.88 4.14c.01 1.51-.59 3.01-1.81 4.5l1.6 1.6c.28.28.28.74 0 1.03l-.61.61c-.28.28-.74.28-1.03 0l-1.6-1.6c-1.5 1.24-3.07 1.83-4.7 1.75c-1.45-.07-2.84-.69-4.16-1.86a.62.62 0 0 1-.01-.91l1.16-1.15c.23-.23.6-.25.85-.04c.89.77 1.81 1.16 2.76 1.18c1.09.02 2.13-.47 3.12-1.46c.97-.96 1.5-1.96 1.59-2.97c.07-1.01-.28-1.92-1.08-2.72z\"><\/path><path fill=\"#FFF\" d=\"m60.67 84.74l-2.1 1.17l-16.23-16.66l-.55-.56l2.17-1.13l16.23 16.7z\"><\/path><circle cx=\"75.88\" cy=\"45.55\" r=\"14.42\" fill=\"#2E7D32\" opacity=\".5\"><\/circle><path fill=\"#2E7D32\" d=\"M92.16 78.42c-5.15 7.72-12.57 22.45-22.79 30.55c-9.38 7.44-21.21 11.11-21.21 11.11L15.61 81.96l1.35-10.46l31.92 35.91c.13.14.33.21.52.16c19.23-5.08 27.68-21.67 37.73-36.73c7.71-11.56 19.24-23.88 34.08-27.68c1.18 1.3.66 12.2-.63 12.63c-13.15 4.36-21.22 11.82-28.42 22.63z\"><\/path><path fill=\"#FFC06C\" d=\"m78.85 83.52l3.02 11.15s9.2-13.46 10.69-16.72L89.22 67.9c-4.46 5.55-10.37 15.62-10.37 15.62z\"><\/path><path fill=\"#2E7D32\" d=\"M78.07 17.01c.77 1.11 2.12 2.26 4.29 2.93c.77.24 1.58.36 2.39.36c1.72 0 3.16-.53 4.13-1.02c2.43 2.44 5.47 5.41 8.41 8.29c2.88 2.82 5.84 5.72 8.25 8.13c-.78 1.19-1.4 2.99-1.14 5.42c.12 1.12.91 2.26 1.75 3.19c-5.32 3.42-15.53 11.02-26 24.42c-2.21 2.83-4.37 5.97-6.45 9c-5.18 7.54-10.53 15.32-17.65 20.08c-.84-1.37-2.39-3.03-5.16-3.72c-.67-.17-1.33-.25-1.96-.25c-1.78 0-3.18.66-4.18 1.44l-15.1-17.36c1.27-.99 2.46-2.68 2.58-5.29c.06-1.22-.59-2.33-1.33-3.17c7.36-5.45 15.13-14.14 19.31-20.38c.61-.91 1.24-1.86 1.89-2.84c6.54-9.87 15.4-23.19 25.97-29.23m.79-2.34c-12.72 6.3-22.85 22.71-30.06 33.45c-4.72 7.03-13.25 16.2-20.6 21.15c0 0 2.41 1.71 2.33 3.26c-.2 4.16-3.58 4.86-3.58 4.86l17.75 20.4s1.3-2.28 4.22-2.28c.47 0 .99.06 1.55.2c4.02 1 4.83 4.54 4.83 4.54c11.34-6.6 18.19-20.27 26.17-30.5c10.83-13.87 21.6-21.73 27.43-25.18c0 0-2.68-2.17-2.83-3.65c-.41-3.89 1.79-5.29 1.79-5.29c-5.15-5.21-13.61-13.32-18.73-18.51c0 0-1.86 1.46-4.39 1.46c-.6 0-1.24-.08-1.89-.28c-3.68-1.11-3.99-3.63-3.99-3.63z\"><\/path><path fill=\"#FFECB3\" d=\"m53.82 33.32l-9.73 14.71l34.76 35.49s5.68-8.98 10.36-15.62L53.82 33.32z\"><\/path><path fill=\"#D69136\" d=\"M90.62 72.12s-6.86 3.49-8.73 14.13c-.71 4.02-.01 8.42-.01 8.42l5.66-8.71l4.05-12.11l-.97-1.73z\" opacity=\".68\"><\/path><path fill=\"#E0E0E0\" d=\"M88.65 74.43c1.99-1.91 2.65-2.5 8.87-2.95c6.14-.45 8.96-3.14 16.72-1.53c3.28.68 8.48 3.68 7.16 15.64c-.5 4.56-.38 15.1 1.77 24.65c1.73 7.68-3 5.71-4.3 4.64c-4.64-3.81-4.84-12.44-4.84-12.44s-.44 12.82-5.13 8.29c-3.8-3.68-1.89-12.38-1.89-12.38s-2.46 8.88-6.61 5.34c-2.85-2.43-.73-11.95-.73-11.95s-3.31 7.77-5.77 6.48c-3.76-1.96-1.98-9.97-1.98-9.97s-3.44 7.59-5.68 6.06c-3.34-2.28-2.13-9.39-2.13-9.39s.98-7.08 4.54-10.49z\"><\/path><path fill=\"#BDBDBD\" d=\"M118.34 79.28s.48 6.18.05 9.87c-.27 2.29-.39 4.39-2.49 4.08c-.51-.08-1.7-1.07-1.91-4.88c-.22-4.04.62-9.38.03-9.78c-.59-.41-.62 6.6-3.54 10.99c-1.1 1.65-2.95 1.83-3.24-2.52c-.32-4.73 2.13-10.33 1.78-10.81c0 0-2.07 2.55-3.27 6.16c-1.2 3.61-1.73 5.31-3.14 4.27c-2.53-1.86 1.18-9.27 1.18-9.27s-2.72 2.43-3.9 5.83c-.75 2.16-.34 5.71 1.58 6.61c2.26 1.06 3.58-.83 3.58-.83s.48 6.05 3.43 5.92c2.83-.13 3.55-3.32 3.55-3.32s-.12 3.08 2.74 5.19c1.39 1.03 4.62 1.2 5.02-2.88c.65-6.62-1.45-14.63-1.45-14.63zm-23.27-2.17c-.61-.15-1.49 2.6-2.59 4.15c-.42.58-1.32 1.77-2.7 1.67c-1.38-.1-.29-4.16-.61-3.94c-.32.22-1.61 2.39-1.1 4.91c.14.7.85 1.53 1.55 1.64c2.62.42 3.77-2.8 3.77-2.8s-.39 3.85 2.2 4.25c3.13.48 3.77-4.45 3.49-4.63c-.28-.18-1.29 3.1-3.52 1.7c-1.83-1.16.12-6.79-.49-6.95z\"><\/path><path fill=\"#206022\" d=\"m15.61 81.95l32.43 37.99s1.45-2.15 1.78-5.5c.29-2.92-.73-6.8-.73-6.8L16.96 71.49l-1.35 10.46z\"><\/path><\/svg>","icon_padding_desktop":0,"icon_padding_mobile":0,"title":"<strong>Focused On Profits<\/strong>","content":"Strong focus on conversion optimization and profit bidding strategies."}},"142454bc-1ca6-48d9-8ef5-35986677bce6":{"type":"item","settings":{"icon_type":"svg","svg_icon":"<svg xmlns=\"http:\/\/www.w3.org\/2000\/svg\" width=\"256\" height=\"239\" viewbox=\"0 0 256 239\"><path fill=\"#669DF6\" d=\"M224.022 173.159h-92.959c-22.48 0-35.07 15.736-35.07 32.485c0 15.455 10.679 32.484 35.07 32.484h92.959v-64.97Z\"><\/path><ellipse cx=\"224.022\" cy=\"205.587\" fill=\"#1A73E8\" rx=\"31.979\" ry=\"32.485\"><\/ellipse><path fill=\"#669DF6\" d=\"M128.028 86.551H35.07C12.59 86.551 0 102.288 0 119.036c0 15.456 10.678 32.485 35.07 32.485h92.958V86.55Z\"><\/path><ellipse cx=\"128.028\" cy=\"119.036\" fill=\"#1A73E8\" rx=\"31.979\" ry=\"32.485\"><\/ellipse><path fill=\"#669DF6\" d=\"M224.022 0h-92.959c-22.48 0-35.07 15.737-35.07 32.485c0 15.455 10.679 32.485 35.07 32.485h92.959V0Z\"><\/path><ellipse cx=\"224.022\" cy=\"32.485\" fill=\"#1A73E8\" rx=\"31.979\" ry=\"32.485\"><\/ellipse><\/svg>","icon_padding_desktop":0,"icon_padding_mobile":0,"title":"<strong>Custom Tracking Columns<\/strong>","content":"Usage of custom columns for tracking within client dashboards."}},"7645a0f5-da94-4e70-9383-d492a06a1858":{"type":"item","settings":{"icon_type":"svg","svg_icon":"<svg xmlns=\"http:\/\/www.w3.org\/2000\/svg\" width=\"400\" height=\"400\" viewbox=\"0 0 256 256\"><path fill=\"#8AB4F8\" d=\"m150.262 245.516l-44.437-43.331l95.433-97.454l46.007 45.091z\"><\/path><path fill=\"#4285F4\" d=\"M150.45 53.938L106.176 8.731L9.36 104.629c-12.48 12.48-12.48 32.713 0 45.207l95.36 95.986l45.09-42.182l-72.654-76.407l73.295-73.295Z\"><\/path><path fill=\"#8AB4F8\" d=\"m246.625 105.37l-96-96c-12.494-12.494-32.756-12.494-45.25 0c-12.495 12.495-12.495 32.757 0 45.252l96 96c12.494 12.494 32.756 12.494 45.25 0c12.495-12.495 12.495-32.757 0-45.251Z\"><\/path><circle cx=\"127.265\" cy=\"224.731\" r=\"31.273\" fill=\"#246FDB\"><\/circle><\/svg>","icon_padding_desktop":0,"icon_padding_mobile":0,"title":"<strong>Enhanced Conversion Tracking<\/strong>","content":"Leveraging state-of-the-art third-party software for tracking and decision-making."}},"60d4f5bc-61d6-4d89-86a6-367e4ea800b0":{"type":"item","settings":{"icon_type":"svg","svg_icon":"<svg xmlns=\"http:\/\/www.w3.org\/2000\/svg\" width=\"48\" height=\"48\" viewbox=\"0 0 48 48\"><defs><mask id=\"ipSVoiceMessage0\"><g fill=\"none\"><path fill=\"#fff\" stroke=\"#fff\" stroke-linejoin=\"round\" stroke-width=\"4\" d=\"M24 44c11.046 0 20-8.954 20-20S35.046 4 24 4S4 12.954 4 24s8.954 20 20 20Z\"><\/path><path fill=\"#000\" d=\"M17 25.9a2 2 0 1 0 0-4a2 2 0 0 0 0 4Z\"><\/path><path stroke=\"#000\" stroke-linecap=\"round\" stroke-linejoin=\"round\" stroke-width=\"4\" d=\"M21.95 28.85A6.978 6.978 0 0 0 24 23.9a6.978 6.978 0 0 0-2.05-4.95m4.95 14.849a13.956 13.956 0 0 0 4.1-9.9c0-3.866-1.567-7.366-4.1-9.899\"><\/path><\/g><\/mask><\/defs><path fill=\"red\" d=\"M0 0h48v48H0z\" mask=\"url(#ipSVoiceMessage0)\"><\/path><\/svg>","icon_padding_desktop":0,"icon_padding_mobile":0,"title":"<strong>Alignment With Brand Specifics<\/strong>","content":"Attention to brand specifics like brand voice, inventory, and profit margins."}}},"block_order":["c56885e7-9b35-4f67-89a7-68f0e9bb76f3","142454bc-1ca6-48d9-8ef5-35986677bce6","7645a0f5-da94-4e70-9383-d492a06a1858","60d4f5bc-61d6-4d89-86a6-367e4ea800b0"],"settings":{"background":"#ffffff","enable_container_width":false,"container_width":1200,"section_title":"Agile Response To Market Changes","section_title_color":"#000000","section_title_font_weight":600,"section_title_size_desktop":28,"section_title_line_height_desktop":1.5,"section_title_size_mobile":24,"section_title_line_height_mobile":1.5,"enable_section_title_max_width":true,"section_title_max_width_desktop":600,"section_title_max_width_mobile":600,"section_subtitle":"with proactive campaigns management","section_subtitle_color":"#000000","section_subtitle_font_weight":500,"section_subtitle_size_desktop":16,"section_subtitle_line_height_desktop":1.5,"section_subtitle_size_mobile":14,"section_subtitle_line_height_mobile":1.5,"enable_section_subtitle_max_width":true,"section_subtitle_max_width_desktop":600,"section_subtitle_max_width_mobile":600,"spacing_below_section_title_desktop":35,"spacing_below_section_title_mobile":35,"media_roundness":11,"media_type":"image","media_position_desktop":"center","enable_custom_height":false,"height_desktop":680,"height_mobile":450,"gap_between_media_n_items_desktop":35,"gap_between_media_n_items_mobile":30,"items_gap_desktop":30,"items_gap_mobile":30,"items_max_width_desktop":500,"items_max_width_mobile":500,"item_icon_color":"#000000","items_icon_position_desktop":"top","items_icon_position_mobile":"left","item_icon_size_desktop":60,"item_icon_size_mobile":50,"item_title_color":"#000000","item_title_font_weight":500,"item_title_size_desktop":16,"item_title_line_height_desktop":1.5,"item_title_size_mobile":16,"item_title_line_height_mobile":1.5,"item_content_color":"#000000","item_content_font_weight":500,"item_content_text_size_desktop":16,"item_content_line_height_desktop":1.5,"item_content_text_size_mobile":16,"item_content_line_height_mobile":1.5,"spacing_top_desktop":60,"spacing_bottom_desktop":60,"spacing_top_mobile":25,"spacing_bottom_mobile":35}},"5cd72da2-b722-49f6-b323-99f5d929b7be":{"type":"adev-icons-with-text","blocks":{"template--21294109491485__5cd72da2-b722-49f6-b323-99f5d929b7be-Item-1":{"type":"Item","settings":{"icon_type":"svg","svg_icon":"<svg xmlns=\"http:\/\/www.w3.org\/2000\/svg\" width=\"256\" height=\"292\" viewbox=\"0 0 256 292\"><path fill=\"#95BF46\" d=\"M223.774 57.34c-.201-1.46-1.48-2.268-2.537-2.357a19614 19614 0 0 0-23.383-1.743s-15.507-15.395-17.209-17.099c-1.703-1.703-5.029-1.185-6.32-.805c-.19.056-3.388 1.043-8.678 2.68c-5.18-14.906-14.322-28.604-30.405-28.604c-.444 0-.901.018-1.358.044C129.31 3.407 123.644.779 118.75.779c-37.465 0-55.364 46.835-60.976 70.635c-14.558 4.511-24.9 7.718-26.221 8.133c-8.126 2.549-8.383 2.805-9.45 10.462C21.3 95.806.038 260.235.038 260.235l165.678 31.042l89.77-19.42S223.973 58.8 223.775 57.34ZM156.49 40.848l-14.019 4.339c.005-.988.01-1.96.01-3.023c0-9.264-1.286-16.723-3.349-22.636c8.287 1.04 13.806 10.469 17.358 21.32Zm-27.638-19.483c2.304 5.773 3.802 14.058 3.802 25.238c0 .572-.005 1.095-.01 1.624c-9.117 2.824-19.024 5.89-28.953 8.966c5.575-21.516 16.025-31.908 25.161-35.828Zm-11.131-10.537c1.617 0 3.246.549 4.805 1.622c-12.007 5.65-24.877 19.88-30.312 48.297l-22.886 7.088C75.694 46.16 90.81 10.828 117.72 10.828Z\"><\/path><path fill=\"#5E8E3E\" d=\"M221.237 54.983a19614 19614 0 0 0-23.383-1.743s-15.507-15.395-17.209-17.099c-.637-.634-1.496-.959-2.394-1.099l-12.527 256.233l89.762-19.418S223.972 58.8 223.774 57.34c-.201-1.46-1.48-2.268-2.537-2.357\"><\/path><path fill=\"#FFF\" d=\"m135.242 104.585l-11.069 32.926s-9.698-5.176-21.586-5.176c-17.428 0-18.305 10.937-18.305 13.693c0 15.038 39.2 20.8 39.2 56.024c0 27.713-17.577 45.558-41.277 45.558c-28.44 0-42.984-17.7-42.984-17.7l7.615-25.16s14.95 12.835 27.565 12.835c8.243 0 11.596-6.49 11.596-11.232c0-19.616-32.16-20.491-32.16-52.724c0-27.129 19.472-53.382 58.778-53.382c15.145 0 22.627 4.338 22.627 4.338\"><\/path><\/svg>","svg_color":"#26333a","icon_padding_desktop":0,"icon_padding_mobile":0,"title":"Shopify Partners","title_color":"#ffffff","max_width_desktop":200,"max_width_mobile":200}},"template--21294109491485__5cd72da2-b722-49f6-b323-99f5d929b7be-Item-2":{"type":"Item","settings":{"icon_type":"svg","svg_icon":"<svg xmlns=\"http:\/\/www.w3.org\/2000\/svg\" width=\"256\" height=\"230\" viewbox=\"0 0 256 230\"><path fill=\"#FBBC04\" d=\"M5.888 166.405L90.88 20.9c10.796 6.356 65.236 36.484 74.028 42.214L79.916 208.627c-9.295 12.28-85.804-23.587-74.028-42.23v.008Z\"><\/path><path fill=\"#4285F4\" d=\"M250.084 166.402L165.092 20.906C153.21 1.132 127.62-6.054 106.601 5.625S79.182 42.462 91.064 63.119l84.992 145.514c11.882 19.765 37.473 26.95 58.492 15.272c20.1-11.68 27.418-37.73 15.536-57.486v-.017Z\"><\/path><ellipse cx=\"42.664\" cy=\"187.924\" fill=\"#34A853\" rx=\"42.664\" ry=\"41.604\"><\/ellipse><\/svg>","svg_color":"#26333a","icon_padding_desktop":0,"icon_padding_mobile":0,"title":"Google Ads Partners","title_color":"#ffffff","max_width_desktop":200,"max_width_mobile":200}},"template--21294109491485__5cd72da2-b722-49f6-b323-99f5d929b7be-Item-3":{"type":"Item","settings":{"icon_type":"svg","svg_icon":"<svg xmlns=\"http:\/\/www.w3.org\/2000\/svg\" width=\"256\" height=\"180\" viewbox=\"0 0 256 180\"><path fill=\"red\" d=\"M250.346 28.075A32.18 32.18 0 0 0 227.69 5.418C207.824 0 127.87 0 127.87 0S47.912.164 28.046 5.582A32.18 32.18 0 0 0 5.39 28.24c-6.009 35.298-8.34 89.084.165 122.97a32.18 32.18 0 0 0 22.656 22.657c19.866 5.418 99.822 5.418 99.822 5.418s79.955 0 99.82-5.418a32.18 32.18 0 0 0 22.657-22.657c6.338-35.348 8.291-89.1-.164-123.134Z\"><\/path><path fill=\"#FFF\" d=\"m102.421 128.06l66.328-38.418l-66.328-38.418z\"><\/path><\/svg>","svg_color":"#26333a","icon_padding_desktop":0,"icon_padding_mobile":0,"title":"YouTube Ads Specialists","title_color":"#ffffff","max_width_desktop":200,"max_width_mobile":200}},"template--21294109491485__5cd72da2-b722-49f6-b323-99f5d929b7be-Item-5":{"type":"Item","settings":{"icon_type":"svg","svg_icon":"<svg xmlns=\"http:\/\/www.w3.org\/2000\/svg\" width=\"256\" height=\"284\" viewbox=\"0 0 256 284\"><path fill=\"#F9AB00\" d=\"M256.003 247.933a35.224 35.224 0 0 1-39.376 35.161c-18.044-2.67-31.266-18.371-30.826-36.606V36.845C185.365 18.591 198.62 2.881 216.687.24a35.221 35.221 0 0 1 39.316 35.16v212.533Z\"><\/path><path fill=\"#E37400\" d=\"M35.101 213.193c19.386 0 35.101 15.716 35.101 35.101c0 19.386-15.715 35.101-35.101 35.101S0 267.68 0 248.295c0-19.386 15.715-35.102 35.101-35.102Zm92.358-106.387c-19.477 1.068-34.59 17.406-34.137 36.908v94.285c0 25.588 11.259 41.122 27.755 44.433a35.161 35.161 0 0 0 42.146-34.56V142.089a35.222 35.222 0 0 0-35.764-35.282Z\"><\/path><\/svg>","svg_color":"#26333a","icon_padding_desktop":0,"icon_padding_mobile":0,"title":"Google Analytics 4 Experts","title_color":"#ffffff","max_width_desktop":200,"max_width_mobile":200}},"template--21294109491485__5cd72da2-b722-49f6-b323-99f5d929b7be-Item-4":{"type":"Item","settings":{"icon_type":"svg","svg_icon":"<svg xmlns=\"http:\/\/www.w3.org\/2000\/svg\" width=\"256\" height=\"413\" viewbox=\"0 0 256 413\"><path fill=\"#34A853\" d=\"M127.128 0a36.088 36.088 0 0 0-29.935 56.22l15.413-15.393a14.957 14.957 0 0 1-.76-4.76c0-8.405 6.813-15.218 15.217-15.218c8.405 0 15.218 6.813 15.218 15.217c0 8.405-6.813 15.218-15.218 15.218c-1.61.004-3.21-.253-4.739-.76l-15.392 15.391A36.066 36.066 0 1 0 127.128 0Z\"><\/path><path fill=\"#FBBC04\" d=\"M112.78 105.112a56.068 56.068 0 0 0-11.24-33.784l-20 19.98c6.255 11.44 4.004 25.66-5.478 34.61l10.87 26.565a56.372 56.372 0 0 0 25.848-47.37Z\"><\/path><path fill=\"#EA4335\" d=\"M56.887 133.787h-.522A28.697 28.697 0 1 1 72.127 81.11l19.805-19.805C72.674 45.694 45.478 44.49 24.915 58.34C4.352 72.188-4.754 97.842 2.475 121.556c7.23 23.715 29.099 39.926 53.89 39.95a57.676 57.676 0 0 0 11.392-1.131l-10.87-26.588Z\"><\/path><path fill=\"#4285F4\" d=\"M127.89 156.766a127.982 127.982 0 0 0-36.958 5.413l15.848 38.719a87.372 87.372 0 0 1 21.088-2.565c41.183.012 76.623 29.112 84.648 69.506c8.026 40.393-13.599 80.831-51.65 96.585c-38.05 15.754-81.931 2.437-104.808-31.808c-22.877-34.244-18.38-79.88 10.742-109a87.22 87.22 0 0 1 20.588-15.218l-15.674-38.61c-58.427 28.615-86.09 96.51-64.299 157.808c21.793 61.3 86.105 96.497 149.483 81.809c63.378-14.688 105.653-74.586 98.26-139.223c-7.394-64.636-62.102-113.44-127.16-113.438l-.109.022Z\"><\/path><\/svg>","svg_color":"#26333a","icon_padding_desktop":0,"icon_padding_mobile":0,"title":"Looker Studio Reporting","title_color":"#ffffff","max_width_desktop":200,"max_width_mobile":200}},"template--21294109491485__5cd72da2-b722-49f6-b323-99f5d929b7be-Item-6":{"type":"Item","settings":{"icon_type":"svg","svg_icon":"<svg xmlns=\"http:\/\/www.w3.org\/2000\/svg\" width=\"128\" height=\"128\" viewbox=\"0 0 128 128\"><path fill=\"#de1c59\" d=\"M27.255 80.719c0 7.33-5.978 13.317-13.309 13.317C6.616 94.036.63 88.049.63 80.719s5.987-13.317 13.317-13.317h13.309zm6.709 0c0-7.33 5.987-13.317 13.317-13.317s13.317 5.986 13.317 13.317v33.335c0 7.33-5.986 13.317-13.317 13.317c-7.33 0-13.317-5.987-13.317-13.317zm0 0\"><\/path><path fill=\"#35c5f0\" d=\"M47.281 27.255c-7.33 0-13.317-5.978-13.317-13.309C33.964 6.616 39.951.63 47.281.63s13.317 5.987 13.317 13.317v13.309zm0 6.709c7.33 0 13.317 5.987 13.317 13.317s-5.986 13.317-13.317 13.317H13.946C6.616 60.598.63 54.612.63 47.281c0-7.33 5.987-13.317 13.317-13.317zm0 0\"><\/path><path fill=\"#2eb57d\" d=\"M100.745 47.281c0-7.33 5.978-13.317 13.309-13.317c7.33 0 13.317 5.987 13.317 13.317s-5.987 13.317-13.317 13.317h-13.309zm-6.709 0c0 7.33-5.987 13.317-13.317 13.317s-13.317-5.986-13.317-13.317V13.946C67.402 6.616 73.388.63 80.719.63c7.33 0 13.317 5.987 13.317 13.317zm0 0\"><\/path><path fill=\"#ebb02e\" d=\"M80.719 100.745c7.33 0 13.317 5.978 13.317 13.309c0 7.33-5.987 13.317-13.317 13.317s-13.317-5.987-13.317-13.317v-13.309zm0-6.709c-7.33 0-13.317-5.987-13.317-13.317s5.986-13.317 13.317-13.317h33.335c7.33 0 13.317 5.986 13.317 13.317c0 7.33-5.987 13.317-13.317 13.317zm0 0\"><\/path><\/svg>","svg_color":"#26333a","icon_padding_desktop":0,"icon_padding_mobile":0,"title":"Proactive Communication Guaranteed","title_color":"#ffffff","max_width_desktop":200,"max_width_mobile":200}}},"block_order":["template--21294109491485__5cd72da2-b722-49f6-b323-99f5d929b7be-Item-1","template--21294109491485__5cd72da2-b722-49f6-b323-99f5d929b7be-Item-2","template--21294109491485__5cd72da2-b722-49f6-b323-99f5d929b7be-Item-3","template--21294109491485__5cd72da2-b722-49f6-b323-99f5d929b7be-Item-5","template--21294109491485__5cd72da2-b722-49f6-b323-99f5d929b7be-Item-4","template--21294109491485__5cd72da2-b722-49f6-b323-99f5d929b7be-Item-6"],"settings":{"background":"#000000","heading":"Exceedios.com","heading_color":"#ffffff","heading_align_desktop":"center","heading_align_mobile":"center","font_weight":600,"font_size_desktop":36,"line_height_desktop":1.6,"font_size_mobile":28,"line_height_mobile":1.6,"max_width_desktop":600,"max_width_mobile":600,"spacing_below_heading_desktop":30,"spacing_below_heading_mobile":30,"items_columns_desktop":6,"items_columns_mobile":3,"items_gap_desktop":25,"items_gap_mobile":20,"icon_size_desktop":60,"icon_size_mobile":40,"title_font_weight":600,"title_size_desktop":16,"title_line_height_desktop":1.2,"title_size_mobile":14,"title_line_height_mobile":1.2,"spacing_top_desktop":35,"spacing_bottom_desktop":40,"spacing_top_mobile":35,"spacing_bottom_mobile":45}},"19707c6b-71b6-4296-bc86-8094ac3ec9b3":{"type":"adev-featured-videos","blocks":{"53a7ef4a-cdaa-447d-90d8-27f8d7217ef9":{"type":"video","settings":{}},"91198494-dead-4078-92fd-9c3db87daeb2":{"type":"video","settings":{}},"1cf79f4e-6bc1-4d0d-bde1-915623d54436":{"type":"video","settings":{}},"eb72cfc4-5aa1-4336-9e38-68883bed5aba":{"type":"video","settings":{}}},"block_order":["53a7ef4a-cdaa-447d-90d8-27f8d7217ef9","91198494-dead-4078-92fd-9c3db87daeb2","1cf79f4e-6bc1-4d0d-bde1-915623d54436","eb72cfc4-5aa1-4336-9e38-68883bed5aba"],"settings":{"enable_container":true,"background":"#ffffff","title":"Featured Videos","title_color":"#000000","title_font_weight":600,"title_text_size_desktop":32,"title_line_height_desktop":1.3,"title_text_size_mobile":24,"title_line_height_mobile":1.4,"enable_max_width":false,"title_max_width_desktop":600,"title_max_width_mobile":600,"spacing_below_title_desktop":25,"spacing_below_title_mobile":25,"tiktok_url":"#","tiktok_name":"Exceedios.com","tiktok_subtitle":"","roundness":10,"enable_details":true,"details_background":"#dd1d1d","name_color":"#ffffff","subtitle_color":"#ffffff","dots_color":"#dddddd","dots_color_active":"#fe2c55","spacing_top_desktop":60,"spacing_bottom_desktop":60,"spacing_top_mobile":35,"spacing_bottom_mobile":35}},"3e530504-66e7-4754-b1de-97417e0482fd":{"type":"adev-banner-carousel","blocks":{"9c45a5b3-87e6-46e2-8269-b83099b1f2b3":{"type":"Slide","settings":{"show_video_instead":false,"enable_split":false,"slide_link":"","custom_height":true,"height_desktop":260,"height_tablet":580,"height_mobile":380,"show_content":true,"show_overlay":true,"overlay_background":"#000000","overlay_opacity":0.4,"heading":"SCHEDULE YOUR CALL","heading_color":"#ffffff","heading_max_width_desktop":560,"heading_max_width_mobile":560,"content":"","content_color":"#ffffff","content_max_width":560,"content_max_width_mobile":560,"btn_first_url":"https:\/\/socials.exceedios.com\/calendly-shopify-theme","btn_first_text":"HERE","btn_first_width":"auto","btn_first_max_width_desktop":200,"btn_first_max_width_mobile":200,"btn_first_roundness":8,"btn_first_background":"#000000","btn_first_text_color":"#ffffff","btn_first_border_color":"#000000","btn_second_url":"","btn_second_text":"","btn_second_width":"auto","btn_second_max_width_desktop":200,"btn_second_max_width_mobile":200,"btn_second_roundness":0,"btn_second_background":"#000000","btn_second_text_color":"#ffffff","btn_second_border_color":"#000000","content_align_desktop":"center","content_align_mobile":"center","position":"middle-center","mobile_position":"middle-center","enable_custom_content_position":false,"custom_position_from_desktop":"top-left","custom_position_tob_desktop":0,"custom_position_lor_desktop":0,"custom_position_from_mobile":"top-left","custom_position_tob_mobile":0,"custom_position_lor_mobile":0,"position_padding_desktop":30,"position_padding_mobile":30,"heading_font_size_desktop":44,"heading_line_height_desktop":1.4,"spacing_below_heading_desktop":0,"content_font_size_desktop":18,"content_line_height_desktop":1.4,"spacing_below_content_desktop":15,"button_font_size_desktop":16,"heading_font_size_mobile":28,"heading_line_height_mobile":1.4,"spacing_below_heading_mobile":0,"content_font_size_mobile":16,"content_line_height_mobile":1.4,"spacing_below_content_mobile":15,"button_font_size_mobile":14,"enable_rating_text":false,"rating_star_color":"#ffcf36","star_size_desktop":20,"star_size_mobile":20,"show_rating_number":true,"rating_number":4.9,"rating_font_weight":500,"rating_font_size_desktop":18,"rating_font_size_mobile":18,"rating_color":"#ffffff","rating_item_count":"100+ Reviews","rating_text_font_weight":500,"rating_text_font_size_desktop":15,"rating_text_font_size_mobile":15,"rating_text_color":"#ffffff","spacing_below_rating_desktop":0,"spacing_below_rating_mobile":0}}},"block_order":["9c45a5b3-87e6-46e2-8269-b83099b1f2b3"],"settings":{"enable_carousel":false,"enable_loop":true,"enable_fade":false,"enable_arrows_desktop":true,"enable_arrows_mobile":false,"enable_dots_desktop":true,"enable_dots_mobile":false,"enable_autoplay":false,"autoplay_speed":3}},"782b494a-2741-4b07-afdc-280261ab0892":{"type":"adev-compare-table","blocks":{"0c692168-efa8-47e7-8cfc-0ed4db415d65":{"type":"item","settings":{"title":"Serves 7-9 figure DTC brands","us_checked":true,"them_checked":true,"background_color":"#ffffff","text_color":"#000000","us_bg_color":"#000000","us_check_bg_color":"#ffffff","us_check_color":"#000000","them_bg_color":"#ffffff","them_check_bg_color":"#ffffff","them_check_color":"#000000"}},"c6164bdc-ccd4-40ef-a248-b6baa4ac7624":{"type":"item","settings":{"title":"No subpar overseas talent","us_checked":true,"them_checked":false,"background_color":"#ffffff","text_color":"#000000","us_bg_color":"#dd1d1d","us_check_bg_color":"#ffffff","us_check_color":"#dd1d1d","them_bg_color":"#ffffff","them_check_bg_color":"#ffffff","them_check_color":"#000000"}},"05dc068b-04a4-435f-9315-3f9f2298f017":{"type":"item","settings":{"title":"Onboarding audits","us_checked":true,"them_checked":false,"background_color":"#ffffff","text_color":"#000000","us_bg_color":"#000000","us_check_bg_color":"#ffffff","us_check_color":"#000000","them_bg_color":"#ffffff","them_check_bg_color":"#ffffff","them_check_color":"#000000"}},"86645042-5333-4749-be01-93773dbc636c":{"type":"item","settings":{"title":"Advanced third-party software","us_checked":true,"them_checked":false,"background_color":"#ffffff","text_color":"#000000","us_bg_color":"#dd1d1d","us_check_bg_color":"#ffffff","us_check_color":"#dd1d1d","them_bg_color":"#ffffff","them_check_bg_color":"#ffffff","them_check_color":"#000000"}},"77b26a8b-e348-4ee4-aa7d-c893960bc6aa":{"type":"item","settings":{"title":"Experienced eCommerce team","us_checked":true,"them_checked":false,"background_color":"#ffffff","text_color":"#000000","us_bg_color":"#000000","us_check_bg_color":"#ffffff","us_check_color":"#000000","them_bg_color":"#ffffff","them_check_bg_color":"#ffffff","them_check_color":"#000000"}},"64e2b231-2475-409e-bc5f-59e340acd6d1":{"type":"item","settings":{"title":"Sustainable growth focus","us_checked":true,"them_checked":false,"background_color":"#ffffff","text_color":"#000000","us_bg_color":"#dd1d1d","us_check_bg_color":"#ffffff","us_check_color":"#dd1d1d","them_bg_color":"#ffffff","them_check_bg_color":"#ffffff","them_check_color":"#000000"}},"7932e38c-8f16-4647-b869-193af09315ef":{"type":"item","settings":{"title":"Free Shopify theme with advanced features","us_checked":true,"them_checked":false,"background_color":"#ffffff","text_color":"#000000","us_bg_color":"#000000","us_check_bg_color":"#ffffff","us_check_color":"#000000","them_bg_color":"#ffffff","them_check_bg_color":"#ffffff","them_check_color":"#000000"}}},"block_order":["0c692168-efa8-47e7-8cfc-0ed4db415d65","c6164bdc-ccd4-40ef-a248-b6baa4ac7624","05dc068b-04a4-435f-9315-3f9f2298f017","86645042-5333-4749-be01-93773dbc636c","77b26a8b-e348-4ee4-aa7d-c893960bc6aa","64e2b231-2475-409e-bc5f-59e340acd6d1","7932e38c-8f16-4647-b869-193af09315ef"],"settings":{"background":"#ffffff","table_width":800,"subtitle":"US VS THEM","subtitle_color":"#121212","subtitle_font_weight":500,"subtitle_text_size_desktop":18,"subtitle_line_height_desktop":1.5,"subtitle_text_size_mobile":16,"subtitle_line_height_mobile":1.5,"title":"How We Compare","title_color":"#121212","title_font_weight":600,"title_text_size_desktop":38,"title_line_height_desktop":1.5,"title_text_size_mobile":32,"title_line_height_mobile":1.5,"us_logo_text":"Exceedios","us_logo_font_weight":600,"us_logo_text_size_desktop":22,"us_logo_line_height_desktop":1.5,"us_logo_text_size_mobile":14,"us_logo_line_height_mobile":1.5,"us_logo_max_width_desktop":150,"us_logo_max_width_mobile":100,"them_logo_text":"Competitors","them_logo_font_weight":600,"them_logo_text_size_desktop":22,"them_logo_line_height_desktop":1.5,"them_logo_text_size_mobile":14,"them_logo_line_height_mobile":1.5,"them_logo_max_width_desktop":150,"them_logo_max_width_mobile":100,"roundness":7,"us_bg_color":"#000000","us_text_color":"#ffffff","them_bg_color":"#ffffff","them_text_color":"#000000","border_color":"#dd1d1d","items_text_font_weight":600,"items_text_size_desktop":18,"items_line_height_desktop":1.5,"items_text_size_mobile":14,"items_line_height_mobile":1.5,"spacing_top_desktop":40,"spacing_bottom_desktop":60,"spacing_top_mobile":35,"spacing_bottom_mobile":35}},"b87c0e1a-9e86-4817-99df-b06d03736245":{"type":"adev-product-specs","blocks":{"template--21294109491485__b87c0e1a-9e86-4817-99df-b06d03736245-Item-1":{"type":"Item","settings":{"title":"Number of clients","label_color":"#ffffff","content_type":"content","content":"46+","content_color":"#ffffff","checked_value":"checked","icon_background":"#ffffff","icon_color":"#000000"}},"template--21294109491485__b87c0e1a-9e86-4817-99df-b06d03736245-Item-2":{"type":"Item","settings":{"title":"Total profit generated for clients","label_color":"#ffffff","content_type":"content","content":"$1.4M+","content_color":"#ffffff","checked_value":"checked","icon_background":"#ffffff","icon_color":"#000000"}},"template--21294109491485__b87c0e1a-9e86-4817-99df-b06d03736245-Item-3":{"type":"Item","settings":{"title":"Total revenue generated","label_color":"#ffffff","content_type":"content","content":"$8.96M+","content_color":"#ffffff","checked_value":"checked","icon_background":"#ffffff","icon_color":"#000000"}},"template--21294109491485__b87c0e1a-9e86-4817-99df-b06d03736245-Item-4":{"type":"Item","settings":{"title":"Average ROAS","label_color":"#ffffff","content_type":"content","content":"5.1x","content_color":"#ffffff","checked_value":"checked","icon_background":"#ffffff","icon_color":"#000000"}},"d52f446b-cd16-46fa-b7e0-b72be9df203d":{"type":"Item","settings":{"title":"Average Client Retention","label_color":"#ffffff","content_type":"content","content":"14 months","content_color":"#ffffff","checked_value":"checked","icon_background":"#ffffff","icon_color":"#000000"}},"005d80f8-5ab9-44a4-87e4-9c303b630573":{"type":"Item","settings":{"title":"Free Shopify theme with advanced features","label_color":"#ffffff","content_type":"icon","content":"Lorem Ipsum is simply dummy text of the printing and typesetting industry.","content_color":"#ffffff","checked_value":"checked","icon_background":"#ffffff","icon_color":"#000000"}}},"block_order":["template--21294109491485__b87c0e1a-9e86-4817-99df-b06d03736245-Item-1","template--21294109491485__b87c0e1a-9e86-4817-99df-b06d03736245-Item-2","template--21294109491485__b87c0e1a-9e86-4817-99df-b06d03736245-Item-3","template--21294109491485__b87c0e1a-9e86-4817-99df-b06d03736245-Item-4","d52f446b-cd16-46fa-b7e0-b72be9df203d","005d80f8-5ab9-44a4-87e4-9c303b630573"],"settings":{"enable_container":true,"background":"#000000","section_title":"Exceedios.com","section_title_color":"#ffffff","spacing_below_section_title_desktop":30,"spacing_below_section_title_mobile":30,"section_title_align_desktop":"left","section_title_align_mobile":"center","section_title_font_weight":600,"section_title_size_desktop":38,"section_title_line_height_desktop":1.4,"section_title_size_mobile":32,"section_title_line_height_mobile":1.4,"enable_media":true,"media_roundness_desktop":7,"media_roundness_mobile":7,"enable_media_max_width":true,"media_max_width":600,"media_position":"right","enable_items_max_width":true,"items_max_width":700,"border_color":"#444444","item_padding_desktop":20,"item_padding_mobile":20,"label_font_weight":600,"label_font_size_desktop":16,"label_line_height_desktop":1.4,"label_font_size_mobile":14,"label_line_height_mobile":1.4,"content_alignment_desktop":"center","content_alignment_mobile":"center","content_font_weight":500,"content_font_size_desktop":16,"content_line_height_desktop":1.4,"content_font_size_mobile":14,"content_line_height_mobile":1.4,"gap_desktop":20,"gap_mobile":25,"spacing_top_desktop":60,"spacing_bottom_desktop":60,"spacing_top_mobile":45,"spacing_bottom_mobile":45}},"13904a4e-8714-4bf1-a7ba-3001556c7203":{"type":"adev-reviews","blocks":{"template--21294109491485__13904a4e-8714-4bf1-a7ba-3001556c7203-review-1":{"type":"review","settings":{"star_rating":5,"review_text":"We have the pleasure of having Exceedios team handle all our Google activities in our Ecommerce Brands in Europe. Kamil and his team have gained an amazing understanding of the best practices when it comes to marketing, especially Google Ads. They've been helping us improve the performance of our Google Ads efforts tremendously!","title":"- Jonas"}},"template--21294109491485__13904a4e-8714-4bf1-a7ba-3001556c7203-review-3":{"type":"review","settings":{"star_rating":5,"review_text":"The Exceedios team was able to reinvent our eCommerce business with Google Ads. They introduced some highly effective product feed rules that are quite unique to us. I would recommend Kamil and Exceedios team to anyone seeking assistance with their eCommerce business.","title":"- Ashley"}},"template--21294109491485__13904a4e-8714-4bf1-a7ba-3001556c7203-review-2":{"type":"review","settings":{"star_rating":5,"review_text":"Amazing work by Kamil and entire Exceedios team! They truly know the inside and out of Google PPC and at all times they kept us updated on the progress of the campaigns. I definitely recommend their work to anyone looking for a Google PPC expert.","title":"- Mike"}}},"block_order":["template--21294109491485__13904a4e-8714-4bf1-a7ba-3001556c7203-review-1","template--21294109491485__13904a4e-8714-4bf1-a7ba-3001556c7203-review-3","template--21294109491485__13904a4e-8714-4bf1-a7ba-3001556c7203-review-2"],"settings":{"background":"#ffffff","enable_container_width":false,"container_width":1200,"enable_review_badge":true,"review_badge_star_rating":5,"review_badge_background":"#121212","review_badge_roundness":6,"star_size_desktop":16,"star_size_mobile":14,"review_badge_star_color":"#ffffff","review_badge_text":"TRUSTED BY 100+ CLIENTS","review_badge_text_color":"#ffffff","review_badge_text_font_weight":500,"review_badge_text_size_desktop":12,"review_badge_text_size_mobile":12,"review_badge_spacing_below_desktop":30,"review_badge_spacing_below_mobile":50,"customer_images_roundness":8,"customer_images_width":60,"customer_images_spacing_below_mobile":43,"reviews_star_color":"#000000","reviews_text_color":"#000000","author_name_color":"#000000","arrow_color":"#000000","dots_color":"#000000","review_star_size_desktop":20,"review_star_size_mobile":20,"review_text_font_weight":500,"review_text_size_desktop":16,"review_text_line_height_desktop":1.5,"review_text_size_mobile":16,"review_text_line_height_mobile":1.5,"review_author_font_weight":500,"review_author_size_desktop":16,"review_author_line_height_desktop":1.5,"review_author_size_mobile":16,"review_author_line_height_mobile":1.5,"spacing_top_desktop":60,"spacing_bottom_desktop":60,"spacing_top_mobile":35,"spacing_bottom_mobile":35}},"1b255426-8d96-4026-b464-563d80395626":{"type":"featured-collection","settings":{"title":"Featured collection","heading_size":"h1","description":"","show_description":false,"description_style":"body","collection":"","products_to_show":4,"columns_desktop":4,"full_width":false,"show_view_all":true,"view_all_style":"solid","enable_desktop_slider":false,"color_scheme":"","image_ratio":"adapt","image_shape":"default","show_secondary_image":false,"show_vendor":false,"show_rating":false,"enable_quick_add":false,"columns_mobile":"2","swipe_on_mobile":false,"padding_top":36,"padding_bottom":36}}},"order":["adev_main_product","a0b4ebbe-d894-4bad-a4f6-faeec45fbe46","737648fb-bb79-4bea-8ab3-589a3d96ca3f","05f7febe-2e22-4663-935f-b6f25e419635","0cf97bd8-aec6-44ff-9e52-162e432188e0","053c4012-ad0a-479a-ba4c-162cd4fff75e","5cd72da2-b722-49f6-b323-99f5d929b7be","19707c6b-71b6-4296-bc86-8094ac3ec9b3","3e530504-66e7-4754-b1de-97417e0482fd","782b494a-2741-4b07-afdc-280261ab0892","b87c0e1a-9e86-4817-99df-b06d03736245","13904a4e-8714-4bf1-a7ba-3001556c7203","1b255426-8d96-4026-b464-563d80395626"]}