{"sections":{"image_banner":{"type":"image-banner","blocks":{"heading":{"type":"heading","disabled":true,"settings":{"heading":"Browse our latest products","heading_size":"h0"}},"button":{"type":"buttons","disabled":true,"settings":{"button_label_1":"Shop all","button_link_1":"shopify:\/\/collections\/all","button_style_secondary_1":true,"button_label_2":"","button_link_2":"","button_style_secondary_2":false}}},"block_order":["heading","button"],"disabled":true,"settings":{"image_overlay_opacity":40,"image_height":"large","desktop_content_position":"bottom-center","show_text_box":false,"desktop_content_alignment":"center","color_scheme":"scheme-3","image_behavior":"none","mobile_content_alignment":"center","stack_images_on_mobile":false,"show_text_below":false}},"rich_text_B7YW3K":{"type":"rich-text","blocks":{"heading_YyMNqD":{"type":"heading","settings":{"heading":"<strong>The #1 place to learn about business, finance and investing.<\/strong>","heading_size":"h0"}}},"block_order":["heading_YyMNqD"],"settings":{"desktop_content_position":"left","content_alignment":"left","color_scheme":"scheme-2","full_width":true,"padding_top":100,"padding_bottom":100}},"newsletter_YfwkwN":{"type":"newsletter","blocks":{"heading_DE7yRW":{"type":"heading","settings":{"heading":"<strong>Want to join us?<\/strong>","heading_size":"h1"}},"paragraph_8GX99q":{"type":"paragraph","settings":{"text":"<p>Join 5K+ readers for tips, strategies, and resources on business, finance and investing.<\/p>"}},"email_form_3rcdPF":{"type":"email_form","settings":{}}},"block_order":["heading_DE7yRW","paragraph_8GX99q","email_form_3rcdPF"],"settings":{"color_scheme":"scheme-2","full_width":true,"padding_top":40,"padding_bottom":100}},"featured_collection":{"type":"featured-collection","disabled":true,"settings":{"title":"Featured products","heading_size":"h2","description":"","show_description":false,"description_style":"body","collection":"all","products_to_show":8,"columns_desktop":4,"full_width":false,"show_view_all":true,"view_all_style":"solid","enable_desktop_slider":false,"color_scheme":"scheme-1","image_ratio":"adapt","image_shape":"default","show_secondary_image":true,"show_vendor":false,"show_rating":false,"enable_quick_add":false,"columns_mobile":"2","swipe_on_mobile":false,"padding_top":44,"padding_bottom":36}},"rich_text_nK4HMy":{"type":"rich-text","blocks":{"heading_3rahCT":{"type":"heading","settings":{"heading":"","heading_size":"h1"}},"text_azGfF8":{"type":"text","settings":{"text":""}},"button_aEyzmU":{"type":"button","settings":{"button_label":"","button_link":"","button_style_secondary":false,"button_label_2":"","button_link_2":"","button_style_secondary_2":false}}},"block_order":["heading_3rahCT","text_azGfF8","button_aEyzmU"],"settings":{"desktop_content_position":"center","content_alignment":"center","color_scheme":"scheme-2","full_width":true,"padding_top":40,"padding_bottom":52}},"image_with_text_tb7tyE":{"type":"image-with-text","blocks":{"heading_AqxeUc":{"type":"heading","settings":{"heading":"Investing Course","heading_size":"h1"}},"text_UAjHwr":{"type":"text","settings":{"text":"<p>Learn How to Start Investing & Build Wealth – Even If You’re a Total Beginner.<\/p>","text_style":"body"}},"button_abfJem":{"type":"button","settings":{"button_label":"JOIN NOW","button_link":"shopify:\/\/products\/product","button_style_secondary":false}}},"block_order":["heading_AqxeUc","text_UAjHwr","button_abfJem"],"settings":{"image":"shopify:\/\/shop_images\/231311.webp","height":"adapt","desktop_image_width":"medium","layout":"image_first","desktop_content_position":"middle","desktop_content_alignment":"left","content_layout":"no-overlap","section_color_scheme":"","color_scheme":"","image_behavior":"none","mobile_content_alignment":"left","padding_top":36,"padding_bottom":36}},"multicolumn_LmwNzW":{"type":"multicolumn","blocks":{"column_PHKnaw":{"type":"column","settings":{"image":"shopify:\/\/shop_images\/HOENNE.png","title":"Honey","text":"<p>Save money when shopping online!<\/p>","link_label":"TRY HONEY","link":"https:\/\/joinhoney.com\/ref\/ra72x23"}},"column_z8r7MW":{"type":"column","settings":{"image":"shopify:\/\/shop_images\/rakuten1.webp","title":"Rakuten","text":"<p>Save $1000's when shopping online with this tool!<\/p>","link_label":"TRY RAKUTEN","link":"https:\/\/www.rakuten.ca\/r\/sarafinance?src=Link"}},"column_VqUHym":{"type":"column","settings":{"image":"shopify:\/\/shop_images\/SHPIIFIF.jpg","title":"Shopify","text":"<p>Build your online website with Shopify!<\/p>","link_label":"TRY SHOPIFY","link":"https:\/\/shopify.pxf.io\/4eYVg9"}},"column_hd4LBP":{"type":"column","settings":{"image":"shopify:\/\/shop_images\/aff_mark.webp","title":"Affiliate Marketing Course","text":"<p>Learn how to start an affiliate marketing business.<\/p>","link_label":"JOIN THE COURSE","link":"https:\/\/financesimple.co\/products\/affiliate"}},"column_6QnUzC":{"type":"column","settings":{"image":"shopify:\/\/shop_images\/ETOROO.png","title":"Free Stock with eToro","text":"<p>Invest in the stock market!<\/p>","link_label":"JOIN ETORO","link":"https:\/\/etoro-usa.sjv.io\/y23vMy"}},"column_UfqRFG":{"type":"column","settings":{"image":"shopify:\/\/shop_images\/BOROWELL.png","title":"Improve your finances with Borrowell","text":"<p>Track your spending, credit score and get financial product recommendations. <\/p>","link_label":"TRY BORROWELL","link":"https:\/\/imp.i203032.net\/vnDkOL"}}},"block_order":["column_PHKnaw","column_z8r7MW","column_VqUHym","column_hd4LBP","column_6QnUzC","column_UfqRFG"],"settings":{"title":"<strong>Tools I recommend you check out!<\/strong>","heading_size":"h0","image_width":"half","image_ratio":"adapt","columns_desktop":3,"column_alignment":"left","background_style":"primary","button_label":"","button_link":"","color_scheme":"","columns_mobile":"1","swipe_on_mobile":false,"padding_top":100,"padding_bottom":36}}},"order":["image_banner","rich_text_B7YW3K","newsletter_YfwkwN","featured_collection","rich_text_nK4HMy","image_with_text_tb7tyE","multicolumn_LmwNzW"]}