{"sections":{"main":{"type":"main-page","disabled":true,"settings":{"padding_top":28,"padding_bottom":28}},"image_with_text_z8w3fV":{"type":"image-with-text","blocks":{"heading_JLEbXj":{"type":"heading","settings":{"heading":"Rakuten: Get Cash Back For Shopping","heading_size":"h1"}},"text_e8dtTV":{"type":"text","settings":{"text":"<p>Rakuten is where you can get Cash Back for shopping at over 3,500 stores. Becoming a member is free! Stores pay Rakuten a commission for sending you their way, and Rakuten shares the commission with you as Cash Back. Get paid every three months, plus earn a cash bonus when you join and shop.<\/p>","text_style":"body"}},"button_jCkPTL":{"type":"button","settings":{"button_label":"TRY RAKUTEN","button_link":"https:\/\/RAKUTEN.COM\/SARAFINANCE","button_style_secondary":false}}},"block_order":["heading_JLEbXj","text_e8dtTV","button_jCkPTL"],"settings":{"image":"shopify:\/\/shop_images\/rakuten1.webp","height":"adapt","desktop_image_width":"small","layout":"image_first","desktop_content_position":"top","desktop_content_alignment":"left","content_layout":"no-overlap","section_color_scheme":"","color_scheme":"","image_behavior":"none","mobile_content_alignment":"left","padding_top":36,"padding_bottom":36}}},"order":["main","image_with_text_z8w3fV"]}