{"sections":{"main":{"type":"main-page","disabled":true,"settings":{"padding_top":28,"padding_bottom":28}},"image_with_text_ftxG8i":{"type":"image-with-text","blocks":{"heading_xBAtde":{"type":"heading","settings":{"heading":"<strong>Shopify: #1 Online Store Builder<\/strong>","heading_size":"h1"}},"text_CwcCiz":{"type":"text","settings":{"text":"<p>Shopify is like a one-stop shop for creating and running your online store. It's super easy to use, even if you're not a tech whiz. You can customize your store, market your products, and track your sales all in one place. Plus, it grows with your business, so whether you're just starting out or you're a big name, Shopify's got your back. It's basically the go-to for anyone looking to sell stuff online hassle-free.<\/p>","text_style":"body"}},"button_dhTF7d":{"type":"button","settings":{"button_label":"TRY SHOPIFY","button_link":"https:\/\/shopify.com\/sarafinance","button_style_secondary":false}}},"block_order":["heading_xBAtde","text_CwcCiz","button_dhTF7d"],"settings":{"image":"shopify:\/\/shop_images\/SHPIIFIF.jpg","height":"adapt","desktop_image_width":"small","layout":"image_first","desktop_content_position":"top","desktop_content_alignment":"left","content_layout":"no-overlap","section_color_scheme":"","color_scheme":"","image_behavior":"none","mobile_content_alignment":"left","padding_top":36,"padding_bottom":36}}},"order":["main","image_with_text_ftxG8i"]}