{"sections":{"rich_text_NHQCMG":{"type":"rich-text","blocks":{"heading_p3wBTa":{"type":"heading","settings":{"heading":"<strong> Learn How to Start Investing & Build Wealth – Even If You’re a Total Beginner<\/strong>","heading_size":"h1"}},"text_fAHTYT":{"type":"text","settings":{"text":"<h3><strong>The proven step-by-step system that helps you confidently invest in stocks & ETFs—without the confusion, jargon, or overwhelm.<\/strong><\/h3>"}}},"block_order":["heading_p3wBTa","text_fAHTYT"],"settings":{"desktop_content_position":"center","content_alignment":"center","color_scheme":"scheme-5","full_width":true,"padding_top":40,"padding_bottom":52}},"main":{"type":"main-product","blocks":{"vendor":{"type":"text","disabled":true,"settings":{"text":"{{ product.vendor }}","text_style":"uppercase"}},"title":{"type":"title","disabled":true,"settings":{}},"price":{"type":"price","settings":{}},"variant_picker":{"type":"variant_picker","disabled":true,"settings":{"picker_type":"button","swatch_shape":"circle"}},"quantity_selector":{"type":"quantity_selector","disabled":true,"settings":{}},"buy_buttons":{"type":"buy_buttons","settings":{"show_dynamic_checkout":false,"show_gift_card_recipient":true}},"description":{"type":"description","disabled":true,"settings":{}},"share":{"type":"share","disabled":true,"settings":{"share_label":"Share"}}},"block_order":["vendor","title","price","variant_picker","quantity_selector","buy_buttons","description","share"],"settings":{"enable_sticky_info":true,"color_scheme":"scheme-5","media_size":"large","constrain_to_viewport":true,"media_fit":"contain","gallery_layout":"stacked","media_position":"left","image_zoom":"lightbox","mobile_thumbnails":"hide","hide_variants":true,"enable_video_looping":false,"padding_top":36,"padding_bottom":12}},"rich_text_HYXfzQ":{"type":"rich-text","blocks":{"heading_BnpKhT":{"type":"heading","settings":{"heading":"<strong>What If You Could Confidently Invest & Grow Your Wealth—Without the Stress?<\/strong>","heading_size":"h2"}},"text_XiLwPp":{"type":"text","settings":{"text":"<p>You know investing is the key to building wealth, but…<\/p><ul><li><strong>It seems complicated<\/strong><\/li><li><strong>You’re afraid of losing money<\/strong><\/li><li><strong>You don’t know where to start<\/strong><\/li><li><strong>You don’t have a lot of money<\/strong><\/li><\/ul><p><strong>Here’s the truth:<\/strong> You don’t need a finance degree or thousands of dollars to start investing.<br\/><br\/>With the right guidance, you can build wealth <em>even if you’re starting from scratch.<\/em><\/p><p><strong>That’s exactly why I created this course.<\/strong><\/p>"}}},"block_order":["heading_BnpKhT","text_XiLwPp"],"settings":{"desktop_content_position":"center","content_alignment":"left","color_scheme":"","full_width":true,"padding_top":40,"padding_bottom":52}},"image_with_text_qH6tpd":{"type":"image-with-text","blocks":{"heading_4cpDBe":{"type":"heading","settings":{"heading":"<strong>What You’ll Learn<\/strong>","heading_size":"h1"}},"text_AHC9Cc":{"type":"text","settings":{"text":"<p><strong>Inside This Course, You’ll Discover:<\/strong><\/p><p>✅ <strong>How the stock market works<\/strong> (in a simple, easy-to-understand way)<br\/><br\/>✅ <strong>The difference between stocks, ETFs, and index funds<\/strong>—and which one is best for beginners<br\/><br\/>✅ <strong>How to start investing with as little as $50<\/strong>—no big budgets needed<br\/><br\/>✅ <strong>The best investing strategy<\/strong> for building long-term wealth<br\/><br\/>✅ <strong>How to avoid common beginner mistakes<\/strong> (so you don’t lose money)<br\/><br\/>✅ <strong>Step-by-step guidance<\/strong> on opening your first investment account<\/p><p>📈 <strong>By the end of this course, you’ll have:<\/strong><\/p><p><strong>Confidence in your investing decisions<\/strong> (no more second-guessing!)<\/p><p><strong>A personalized investing plan<\/strong> that fits your financial goals<\/p><p><strong>The tools & knowledge to start building wealth<\/strong> immediately<\/p>","text_style":"body"}}},"block_order":["heading_4cpDBe","text_AHC9Cc"],"settings":{"image":"shopify:\/\/shop_images\/231311.webp","height":"small","desktop_image_width":"small","layout":"image_first","desktop_content_position":"top","desktop_content_alignment":"left","content_layout":"no-overlap","section_color_scheme":"","color_scheme":"","image_behavior":"none","mobile_content_alignment":"left","padding_top":36,"padding_bottom":36}},"related-products":{"type":"related-products","settings":{"heading":"You may also like","heading_size":"h2","products_to_show":4,"columns_desktop":4,"color_scheme":"scheme-1","image_ratio":"square","image_shape":"default","show_secondary_image":true,"show_vendor":false,"show_rating":false,"columns_mobile":"2","padding_top":36,"padding_bottom":28}},"image_with_text_MVEYGK":{"type":"image-with-text","blocks":{"heading_GEPyjD":{"type":"heading","settings":{"heading":"<strong>Why Learn From Me?<\/strong>","heading_size":"h1"}},"text_YdQDyV":{"type":"text","settings":{"text":"<p>I’ve built a <strong>multi-million dollar portfolio<\/strong> by investing in stocks & ETFs—and now, I’m here to help YOU do the same.<\/p><p><strong>I used to be just like you:<\/strong> Confused by all the investing advice, scared of making mistakes, and unsure where to start.<\/p><p>But after years of learning, testing strategies, and building wealth through smart investing, I created this course to <strong>simplify everything<\/strong> for beginners like you.<\/p><p><strong>This isn’t about risky stock-picking or complicated strategies.<\/strong> It’s about <strong>long-term, sustainable investing<\/strong>—so you can build wealth the smart way.<\/p>","text_style":"body"}}},"block_order":["heading_GEPyjD","text_YdQDyV"],"settings":{"image":"shopify:\/\/shop_images\/IMG_3084.jpg","height":"adapt","desktop_image_width":"small","layout":"image_first","desktop_content_position":"top","desktop_content_alignment":"left","content_layout":"no-overlap","section_color_scheme":"","color_scheme":"","image_behavior":"none","mobile_content_alignment":"left","padding_top":36,"padding_bottom":36}},"rich_text_VPdqJH":{"type":"rich-text","blocks":{"heading_6Pznit":{"type":"heading","settings":{"heading":"<strong>Who This Course Is For<\/strong>","heading_size":"h1"}},"text_ME8xMt":{"type":"text","settings":{"text":"<h3><strong>This Course Is Perfect For You If…<\/strong><\/h3><p>✔️ <strong>You have little to no experience with investing<\/strong><br\/><br\/>✔️ <strong>You’re tired of feeling left out<\/strong> when it comes to building wealth<br\/><br\/>✔️ <strong>You want to grow your money long-term<\/strong> (without day trading or risky moves)<br\/><br\/>✔️ <strong>You don’t want to spend hours researching<\/strong>—you just want a simple, effective plan<br\/><br\/>✔️ <strong>You’re ready to take action<\/strong> and make your money work for you<\/p><p><\/p>"}}},"block_order":["heading_6Pznit","text_ME8xMt"],"settings":{"desktop_content_position":"center","content_alignment":"left","color_scheme":"scheme-1","full_width":true,"padding_top":40,"padding_bottom":52}},"collapsible_content_9xBp9q":{"type":"collapsible-content","blocks":{"collapsible_row_z6ndPN":{"type":"collapsible_row","settings":{"heading":"Collapsible row","icon":"check_mark","row_content":"","page":""}},"collapsible_row_zBLMqm":{"type":"collapsible_row","settings":{"heading":"Collapsible row","icon":"check_mark","row_content":"","page":""}},"collapsible_row_4jcjDU":{"type":"collapsible_row","settings":{"heading":"Collapsible row","icon":"check_mark","row_content":"","page":""}},"collapsible_row_AtHeU6":{"type":"collapsible_row","settings":{"heading":"Collapsible row","icon":"check_mark","row_content":"","page":""}},"collapsible_row_krnqCy":{"type":"collapsible_row","settings":{"heading":"Collapsible row","icon":"check_mark","row_content":"","page":""}}},"block_order":["collapsible_row_z6ndPN","collapsible_row_zBLMqm","collapsible_row_4jcjDU","collapsible_row_AtHeU6","collapsible_row_krnqCy"],"settings":{"caption":"","heading":"Course Curriculum","heading_size":"h1","heading_alignment":"center","layout":"none","color_scheme":"","container_color_scheme":"","open_first_collapsible_row":false,"image_ratio":"adapt","desktop_layout":"image_second","padding_top":36,"padding_bottom":36}},"collapsible_content_w4eeaR":{"type":"collapsible-content","blocks":{"collapsible_row_Dr4UDC":{"type":"collapsible_row","settings":{"heading":"Collapsible row","icon":"check_mark","row_content":"","page":""}},"collapsible_row_jDiXTf":{"type":"collapsible_row","settings":{"heading":"Collapsible row","icon":"check_mark","row_content":"","page":""}},"collapsible_row_jCHckc":{"type":"collapsible_row","settings":{"heading":"Collapsible row","icon":"check_mark","row_content":"","page":""}},"collapsible_row_RWU8rU":{"type":"collapsible_row","settings":{"heading":"Collapsible row","icon":"check_mark","row_content":"","page":""}}},"block_order":["collapsible_row_Dr4UDC","collapsible_row_jDiXTf","collapsible_row_jCHckc","collapsible_row_RWU8rU"],"settings":{"caption":"","heading":"FAQs","heading_size":"h1","heading_alignment":"center","layout":"none","color_scheme":"","container_color_scheme":"","open_first_collapsible_row":false,"image_ratio":"adapt","desktop_layout":"image_second","padding_top":36,"padding_bottom":36}},"rich_text_4XnQQb":{"type":"rich-text","blocks":{"text_MkYV7K":{"type":"text","settings":{"text":"<h2><strong>Start Investing & Build Wealth Today<\/strong><\/h2><h2><strong>No finance degree required. No huge budget needed.<\/strong> Just a step-by-step guide to making your money work for you.<\/h2><h2><strong>Limited-Time Offer: Enroll Now & Get Instant Access!<\/strong><\/h2>"}}},"block_order":["text_MkYV7K"],"settings":{"desktop_content_position":"center","content_alignment":"center","color_scheme":"scheme-5","full_width":true,"padding_top":40,"padding_bottom":52}},"custom_liquid_nJ9dCQ":{"type":"custom-liquid","settings":{"custom_liquid":"<button onclick=\"document.querySelector('[name=add]').click();\" class=\"product-form__submit button button--full-width\">JOIN NOW<\/button>","color_scheme":"scheme-5","padding_top":40,"padding_bottom":52}}},"order":["rich_text_NHQCMG","main","rich_text_HYXfzQ","image_with_text_qH6tpd","related-products","image_with_text_MVEYGK","rich_text_VPdqJH","collapsible_content_9xBp9q","collapsible_content_w4eeaR","rich_text_4XnQQb","custom_liquid_nJ9dCQ"]}