{"name":"t:sections.footer.name","type":"footer","sections":{"footer":{"type":"footer","blocks":{"71b4f9e8-4d8e-47e2-8dab-7b46a1bb1a77":{"type":"link_list","settings":{"heading":"Quick links","menu":"main-menu"}},"link_list_GgKTab":{"type":"link_list","settings":{"heading":"Quick links","menu":"customer-account-main-menu"}},"16a010fb-188f-480e-ae84-353e7cb4cd25":{"type":"link_list","settings":{"heading":"Quick links","menu":"footer"}}},"block_order":["71b4f9e8-4d8e-47e2-8dab-7b46a1bb1a77","link_list_GgKTab","16a010fb-188f-480e-ae84-353e7cb4cd25"],"settings":{"color_scheme":"background-1","newsletter_enable":true,"newsletter_heading":"Subscribe to our emails","enable_follow_on_shop":true,"show_social":true,"enable_country_selector":true,"enable_language_selector":true,"payment_enable":true,"show_policy":false,"margin_top":0,"padding_top":36,"padding_bottom":36}}},"order":["footer"]}