{"name":"t:sections.header.name","type":"header","sections":{"f089a974-0885-4102-bf4f-4bc80c00eb26":{"type":"adev-scrolling-text","blocks":{"sections--20949889909021__f089a974-0885-4102-bf4f-4bc80c00eb26-text-1":{"type":"text","settings":{"text":"Free Shipping For Orders Above $50"}}},"block_order":["sections--20949889909021__f089a974-0885-4102-bf4f-4bc80c00eb26-text-1"],"settings":{"background_color":"#000000","text_color":"#ffffff","enable_container":false,"text_font_weight":400,"text_size_desktop":14,"text_size_mobile":14,"icon_size_desktop":36,"icon_size_mobile":25,"direction":"left","speed_desktop":10,"speed_mobile":10,"spacing_top_desktop":10,"spacing_bottom_desktop":10,"spacing_top_mobile":10,"spacing_bottom_mobile":10}},"header":{"type":"header","settings":{"enable_transparent":false,"enable_search":false,"header_logo_text_size_desktop":22,"header_logo_text_size_mobile":14,"logo_position":"middle-left","menu":"main-menu","menu_type_desktop":"dropdown","sticky_header_type":"on-scroll-up","show_line_separator":true,"disabled_line_separator_on_homepage":true,"color_scheme":"background-1","menu_color_scheme":"background-1","header_transparent_color_scheme":"inverse","enable_country_selector":true,"enable_language_selector":true,"mobile_logo_position":"center","margin_bottom":0,"padding_top":20,"padding_bottom":20}}},"order":["f089a974-0885-4102-bf4f-4bc80c00eb26","header"]}