{"name":"t:sections.header.name","type":"header","sections":{"blocky_lys_scrolling_text_bar_GLkKNr":{"type":"blocky-lys-scrolling-text-bar","blocks":{"text_DiPtyi":{"type":"text","settings":{"text":"Free Shipping Above $50+"}}},"block_order":["text_DiPtyi"],"settings":{"text_size":"1.75","background_color":"#000000","text_color":"#ffffff","speed":0.5,"text_spacing":3,"padding_top":16,"padding_bottom":16}},"header":{"type":"header","settings":{"logo_position":"top-center","menu":"main-menu","menu_type_desktop":"dropdown","sticky_header_type":"on-scroll-up","show_line_separator":false,"color_scheme":"scheme-1","menu_color_scheme":"scheme-3","enable_country_selector":true,"enable_language_selector":true,"enable_customer_avatar":false,"mobile_logo_position":"center","margin_bottom":0,"padding_top":20,"padding_bottom":20}}},"order":["blocky_lys_scrolling_text_bar_GLkKNr","header"]}